-----------------------------------------------------------------  Person  -----------------------------------------------------------------  
INSERT INTO "B00074902"."PERSON" (ID, USERNAME, PASSWORD_HASH, PASSWORD_SALT, LAST_LOGIN_TIME) VALUES ('1', 'AnnitaRosinski', 'fbd0c71db0af10a9b60549bded720c06', '12079314335e5a3589d5585', TO_TIMESTAMP('2020-02-19 12:59:39.430000000', 'YYYY-MM-DD HH24:MI:SS.FF'));
INSERT INTO "B00074902"."PERSON" (ID, USERNAME, PASSWORD_HASH, PASSWORD_SALT, LAST_LOGIN_TIME) VALUES ('2', 'CamilaRawls', 'd9e4d9f25ddb19b1fa85efc77d77431f', '16788250185e5a3589d55c3', TO_TIMESTAMP('2020-02-03 12:59:20.202000000', 'YYYY-MM-DD HH24:MI:SS.FF'));
INSERT INTO "B00074902"."PERSON" (ID, USERNAME, PASSWORD_HASH, PASSWORD_SALT, LAST_LOGIN_TIME) VALUES ('3', 'PetraOlds', '9a48bebbdfccae929b7844b9f8a3f469', '4305116105e5a3589d55fe', TO_TIMESTAMP('2020-02-12 12:59:46.677000000', 'YYYY-MM-DD HH24:MI:SS.FF'));
INSERT INTO "B00074902"."PERSON" (ID, USERNAME, PASSWORD_HASH, PASSWORD_SALT, LAST_LOGIN_TIME) VALUES ('4', 'GeorgettaDopp', '871f0688f4e886d15f1cb2c03fd7cb47', '116288065e5a3589d5638', TO_TIMESTAMP('2020-02-19 12:59:39.430000000', 'YYYY-MM-DD HH24:MI:SS.FF'));
INSERT INTO "B00074902"."PERSON" (ID, USERNAME, PASSWORD_HASH, PASSWORD_SALT, LAST_LOGIN_TIME) VALUES ('5', 'JeniseLongerbeam', '6d02149960798054d608148c357588f4', '16676126715e5a3589d5672', TO_TIMESTAMP('2020-02-03 12:59:20.202000000', 'YYYY-MM-DD HH24:MI:SS.FF'));
INSERT INTO "B00074902"."PERSON" (ID, USERNAME, PASSWORD_HASH, PASSWORD_SALT, LAST_LOGIN_TIME) VALUES ('6', 'OcieHearon', '2e9f9740b1a7b8d038799bc55b68b78c', '9373309275e5a3589d56ad', TO_TIMESTAMP('2020-02-12 12:59:46.677000000', 'YYYY-MM-DD HH24:MI:SS.FF'));
INSERT INTO "B00074902"."PERSON" (ID, USERNAME, PASSWORD_HASH, PASSWORD_SALT, LAST_LOGIN_TIME) VALUES ('7', 'TraciCurcio', 'e010c7878727342b9478a271f09fa34c', '5214071945e5a3589d56e7', TO_TIMESTAMP('2020-02-19 12:59:39.430000000', 'YYYY-MM-DD HH24:MI:SS.FF'));
INSERT INTO "B00074902"."PERSON" (ID, USERNAME, PASSWORD_HASH, PASSWORD_SALT, LAST_LOGIN_TIME) VALUES ('8', 'KeithaColombo', 'ba42ddeea6eb1de3b9da39b6c03065c9', '55118485e5a3589d5721', TO_TIMESTAMP('2020-02-03 12:59:20.202000000', 'YYYY-MM-DD HH24:MI:SS.FF'));
INSERT INTO "B00074902"."PERSON" (ID, USERNAME, PASSWORD_HASH, PASSWORD_SALT, LAST_LOGIN_TIME) VALUES ('9', 'AnnamariaCollingsworth', 'c581e8cae25d0d4946f74dcd1bcd454b', '10075095575e5a3589d575b', TO_TIMESTAMP('2020-02-12 12:59:46.677000000', 'YYYY-MM-DD HH24:MI:SS.FF'));
INSERT INTO "B00074902"."PERSON" (ID, USERNAME, PASSWORD_HASH, PASSWORD_SALT, LAST_LOGIN_TIME) VALUES ('10', 'JuliusGoodreau', '561503252aa3e025deea6fbaf960e1d5', '19477521205e5a3589d5795', TO_TIMESTAMP('2020-02-19 12:59:39.430000000', 'YYYY-MM-DD HH24:MI:SS.FF'));
INSERT INTO "B00074902"."PERSON" (ID, USERNAME, PASSWORD_HASH, PASSWORD_SALT, LAST_LOGIN_TIME) VALUES ('11', 'JeffRouse', 'f4c2465180db67f713d8de8539e200cd', '15510930535e5a3589d57cf', TO_TIMESTAMP('2020-02-03 12:59:20.202000000', 'YYYY-MM-DD HH24:MI:SS.FF'));
INSERT INTO "B00074902"."PERSON" (ID, USERNAME, PASSWORD_HASH, PASSWORD_SALT, LAST_LOGIN_TIME) VALUES ('12', 'LuellaTarantino', '5079eb48e92a8b40b594674ecd33f650', '1764569975e5a3589d5809', TO_TIMESTAMP('2020-02-12 12:59:46.677000000', 'YYYY-MM-DD HH24:MI:SS.FF'));
INSERT INTO "B00074902"."PERSON" (ID, USERNAME, PASSWORD_HASH, PASSWORD_SALT, LAST_LOGIN_TIME) VALUES ('13', 'KindraGracey', 'a63de4d8fec73d61f93d897a44665856', '253163065e5a3589d5843', TO_TIMESTAMP('2020-02-19 12:59:39.430000000', 'YYYY-MM-DD HH24:MI:SS.FF'));
INSERT INTO "B00074902"."PERSON" (ID, USERNAME, PASSWORD_HASH, PASSWORD_SALT, LAST_LOGIN_TIME) VALUES ('14', 'AlonzoBuss', '465ac63f623ebb0d937f0fb973f69534', '4159622535e5a3589d587d', TO_TIMESTAMP('2020-02-03 12:59:20.202000000', 'YYYY-MM-DD HH24:MI:SS.FF'));
INSERT INTO "B00074902"."PERSON" (ID, USERNAME, PASSWORD_HASH, PASSWORD_SALT, LAST_LOGIN_TIME) VALUES ('15', 'DelphineWisener', 'abfb988fb9745e5218ec17db58d0ec59', '9387002495e5a3589d58b7', TO_TIMESTAMP('2020-02-12 12:59:46.677000000', 'YYYY-MM-DD HH24:MI:SS.FF'));
INSERT INTO "B00074902"."PERSON" (ID, USERNAME, PASSWORD_HASH, PASSWORD_SALT, LAST_LOGIN_TIME) VALUES ('16', 'JadaClark', '3ffc38b9207acc002a8991a62860bc71', '325899815e5a3589d58f0', TO_TIMESTAMP('2020-02-19 12:59:39.430000000', 'YYYY-MM-DD HH24:MI:SS.FF'));
INSERT INTO "B00074902"."PERSON" (ID, USERNAME, PASSWORD_HASH, PASSWORD_SALT, LAST_LOGIN_TIME) VALUES ('17', 'CarlineLauffer', '3d46a28d3c931b432e1a79b9a4ee80bb', '5093457905e5a3589d592a', TO_TIMESTAMP('2020-02-03 12:59:20.202000000', 'YYYY-MM-DD HH24:MI:SS.FF'));
INSERT INTO "B00074902"."PERSON" (ID, USERNAME, PASSWORD_HASH, PASSWORD_SALT, LAST_LOGIN_TIME) VALUES ('18', 'ShelleyKappler', 'aa84b3cb7fdf327cbbe8491835e6dd6a', '14570546305e5a3589d5964', TO_TIMESTAMP('2020-02-12 12:59:46.677000000', 'YYYY-MM-DD HH24:MI:SS.FF'));
INSERT INTO "B00074902"."PERSON" (ID, USERNAME, PASSWORD_HASH, PASSWORD_SALT, LAST_LOGIN_TIME) VALUES ('19', 'MerrileeLangstaff', 'ddbe1a94e455fc65147ce1940ef7be2d', '1792278165e5a3589d599e', TO_TIMESTAMP('2020-02-19 12:59:39.430000000', 'YYYY-MM-DD HH24:MI:SS.FF'));
INSERT INTO "B00074902"."PERSON" (ID, USERNAME, PASSWORD_HASH, PASSWORD_SALT, LAST_LOGIN_TIME) VALUES ('20', 'FranDuffy', '73749ff5625e9a6d548b2ed44dd961d1', '6927713115e5a3589d59d8', TO_TIMESTAMP('2020-02-03 12:59:20.202000000', 'YYYY-MM-DD HH24:MI:SS.FF'));
INSERT INTO "B00074902"."PERSON" (ID, USERNAME, PASSWORD_HASH, PASSWORD_SALT, LAST_LOGIN_TIME) VALUES ('21', 'LucreciaSchieber', '19ba13a7e9ac2d876b337230dce74b66', '16702204125e5a3589d5a12', TO_TIMESTAMP('2020-02-03 12:59:20.202000000', 'YYYY-MM-DD HH24:MI:SS.FF'));
INSERT INTO "B00074902"."PERSON" (ID, USERNAME, PASSWORD_HASH, PASSWORD_SALT, LAST_LOGIN_TIME) VALUES ('22', 'MN - El Pollo Rico #10', 'ed2b708fbb932cb9921cdabc16f2e3d0', '7925495785e5a3589d5a4b', TO_TIMESTAMP('2020-02-03 12:59:20.202000000', 'YYYY-MM-DD HH24:MI:SS.FF'));
INSERT INTO "B00074902"."PERSON" (ID, USERNAME, PASSWORD_HASH, PASSWORD_SALT, LAST_LOGIN_TIME) VALUES ('23', 'Yager Food Store', 'd9cebea78b025029ee5be7305212b6df', '12774051815e5a3589d5a85', TO_TIMESTAMP('2020-02-03 12:59:20.202000000', 'YYYY-MM-DD HH24:MI:SS.FF'));
INSERT INTO "B00074902"."PERSON" (ID, USERNAME, PASSWORD_HASH, PASSWORD_SALT, LAST_LOGIN_TIME) VALUES ('24', 'Verdes Grill', '55b09d426e89ec6bcf39763a55f523e7', '9304625765e5a3589d5ac0', TO_TIMESTAMP('2020-02-03 12:59:20.202000000', 'YYYY-MM-DD HH24:MI:SS.FF'));
INSERT INTO "B00074902"."PERSON" (ID, USERNAME, PASSWORD_HASH, PASSWORD_SALT, LAST_LOGIN_TIME) VALUES ('25', 'Sonic', '839954a155a2757591372168f63c4fd6', '359436635e5a3589d5afa', TO_TIMESTAMP('2020-02-03 12:59:20.202000000', 'YYYY-MM-DD HH24:MI:SS.FF'));
INSERT INTO "B00074902"."PERSON" (ID, USERNAME, PASSWORD_HASH, PASSWORD_SALT, LAST_LOGIN_TIME) VALUES ('26', 'Canyon Vista Middle School', 'baca884de2593d6a432d579db80f77a1', '14976757525e5a3589d5b34', TO_TIMESTAMP('2020-02-03 12:59:20.202000000', 'YYYY-MM-DD HH24:MI:SS.FF'));
INSERT INTO "B00074902"."PERSON" (ID, USERNAME, PASSWORD_HASH, PASSWORD_SALT, LAST_LOGIN_TIME) VALUES ('27', 'Lake Austin Spa Resort-Mn Dining Rm', 'ebc39fbdaf38b36e46c7fb70216b7897', '12129328835e5a3589d5b6e', TO_TIMESTAMP('2020-02-03 12:59:20.202000000', 'YYYY-MM-DD HH24:MI:SS.FF'));
INSERT INTO "B00074902"."PERSON" (ID, USERNAME, PASSWORD_HASH, PASSWORD_SALT, LAST_LOGIN_TIME) VALUES ('28', 'Grey Rock Golf Club', '1df66fc2fb1b9cd423d3755a0793fd60', '14450299125e5a3589d5ba8', TO_TIMESTAMP('2020-02-03 12:59:20.202000000', 'YYYY-MM-DD HH24:MI:SS.FF'));
INSERT INTO "B00074902"."PERSON" (ID, USERNAME, PASSWORD_HASH, PASSWORD_SALT, LAST_LOGIN_TIME) VALUES ('29', 'Ana''s Mart', '498502b76dc038ebe883f9487665a6d4', '11906934095e5a3589d5be2', TO_TIMESTAMP('2020-02-03 12:59:20.202000000', 'YYYY-MM-DD HH24:MI:SS.FF'));
INSERT INTO "B00074902"."PERSON" (ID, USERNAME, PASSWORD_HASH, PASSWORD_SALT, LAST_LOGIN_TIME) VALUES ('30', 'Cedar Creek Elem. School', '68bc4d6cb20a3d7236d4a9679c77c9a6', '19287055755e5a3589d5c1b', TO_TIMESTAMP('2020-02-03 12:59:20.202000000', 'YYYY-MM-DD HH24:MI:SS.FF'));
INSERT INTO "B00074902"."PERSON" (ID, USERNAME, PASSWORD_HASH, PASSWORD_SALT, LAST_LOGIN_TIME) VALUES ('31', 'Sunrise Mini Mart #9', 'dffc1fc91d49d376c0e17b09595ec0d0', '6402655795e5a3589d5c55', TO_TIMESTAMP('2020-02-03 12:59:20.202000000', 'YYYY-MM-DD HH24:MI:SS.FF'));
INSERT INTO "B00074902"."PERSON" (ID, USERNAME, PASSWORD_HASH, PASSWORD_SALT, LAST_LOGIN_TIME) VALUES ('32', 'Phil''s Ice House, Inc', '831d804ae7752044851bec11e6c0263e', '16233691035e5a3589d5c8f', TO_TIMESTAMP('2020-02-03 12:59:20.202000000', 'YYYY-MM-DD HH24:MI:SS.FF'));
INSERT INTO "B00074902"."PERSON" (ID, USERNAME, PASSWORD_HASH, PASSWORD_SALT, LAST_LOGIN_TIME) VALUES ('33', 'Brewtorium Brewery & Kitchen, The', 'd0e7b2fbf753090bedb9138435859ba8', '12836624235e5a3589d5cc9', TO_TIMESTAMP('2020-02-03 12:59:20.202000000', 'YYYY-MM-DD HH24:MI:SS.FF'));
INSERT INTO "B00074902"."PERSON" (ID, USERNAME, PASSWORD_HASH, PASSWORD_SALT, LAST_LOGIN_TIME) VALUES ('34', 'Polvo''s Restaurant & Bar', 'a6ea9bd59938f389260fcea6f4d17bac', '16843710915e5a3589d5d02', TO_TIMESTAMP('2020-02-03 12:59:20.202000000', 'YYYY-MM-DD HH24:MI:SS.FF'));
INSERT INTO "B00074902"."PERSON" (ID, USERNAME, PASSWORD_HASH, PASSWORD_SALT, LAST_LOGIN_TIME) VALUES ('35', 'Smokey Mo''s Bar-B-Q', 'b140b380c4c0851e63892857b260c72a', '11766917195e5a3589d5d3c', TO_TIMESTAMP('2020-02-03 12:59:20.202000000', 'YYYY-MM-DD HH24:MI:SS.FF'));
INSERT INTO "B00074902"."PERSON" (ID, USERNAME, PASSWORD_HASH, PASSWORD_SALT, LAST_LOGIN_TIME) VALUES ('36', 'Mornin'' Donut', '43b4cc3a39f7d3bf9c1cce955229bb73', '2566199965e5a3589d5d76', TO_TIMESTAMP('2020-02-03 12:59:20.202000000', 'YYYY-MM-DD HH24:MI:SS.FF'));
INSERT INTO "B00074902"."PERSON" (ID, USERNAME, PASSWORD_HASH, PASSWORD_SALT, LAST_LOGIN_TIME) VALUES ('37', 'Hilltop Bar & Grill', '3e45552da4f142de4cd53b1e4ecdc930', '15006342775e5a3589d5db0', TO_TIMESTAMP('2020-02-03 12:59:20.202000000', 'YYYY-MM-DD HH24:MI:SS.FF'));
INSERT INTO "B00074902"."PERSON" (ID, USERNAME, PASSWORD_HASH, PASSWORD_SALT, LAST_LOGIN_TIME) VALUES ('38', 'Louisiana Crab Shack', '2298e6a4911579a8a73500ce72d2d132', '20249617435e5a3589d5de9', TO_TIMESTAMP('2020-02-03 12:59:20.202000000', 'YYYY-MM-DD HH24:MI:SS.FF'));
INSERT INTO "B00074902"."PERSON" (ID, USERNAME, PASSWORD_HASH, PASSWORD_SALT, LAST_LOGIN_TIME) VALUES ('39', 'Circle K # 2741570', '0764e845f7dfb77d2ec77f49ed737a75', '11654563025e5a3589d5e23', TO_TIMESTAMP('2020-02-03 12:59:20.202000000', 'YYYY-MM-DD HH24:MI:SS.FF'));
INSERT INTO "B00074902"."PERSON" (ID, USERNAME, PASSWORD_HASH, PASSWORD_SALT, LAST_LOGIN_TIME) VALUES ('40', 'BC - World Market #276', '9b91142c4498ce9bd563dacbf0d88686', '17702787665e5a3589d5e5d', TO_TIMESTAMP('2020-02-03 12:59:20.202000000', 'YYYY-MM-DD HH24:MI:SS.FF'));

-----------------------------------------------------------------  Map Person Role -----------------------------------------------------------------

INSERT INTO "B00074902"."MAP_PERSON_ROLE" (PERSON_ID, ROLE_ID) VALUES ('1', '3');
INSERT INTO "B00074902"."MAP_PERSON_ROLE" (PERSON_ID, ROLE_ID) VALUES ('2', '3');
INSERT INTO "B00074902"."MAP_PERSON_ROLE" (PERSON_ID, ROLE_ID) VALUES ('3', '3');
INSERT INTO "B00074902"."MAP_PERSON_ROLE" (PERSON_ID, ROLE_ID) VALUES ('4', '3');
INSERT INTO "B00074902"."MAP_PERSON_ROLE" (PERSON_ID, ROLE_ID) VALUES ('5', '3');
INSERT INTO "B00074902"."MAP_PERSON_ROLE" (PERSON_ID, ROLE_ID) VALUES ('6', '3');
INSERT INTO "B00074902"."MAP_PERSON_ROLE" (PERSON_ID, ROLE_ID) VALUES ('7', '3');
INSERT INTO "B00074902"."MAP_PERSON_ROLE" (PERSON_ID, ROLE_ID) VALUES ('8', '3');
INSERT INTO "B00074902"."MAP_PERSON_ROLE" (PERSON_ID, ROLE_ID) VALUES ('9', '3');
INSERT INTO "B00074902"."MAP_PERSON_ROLE" (PERSON_ID, ROLE_ID) VALUES ('10', '3');
INSERT INTO "B00074902"."MAP_PERSON_ROLE" (PERSON_ID, ROLE_ID) VALUES ('11', '3');
INSERT INTO "B00074902"."MAP_PERSON_ROLE" (PERSON_ID, ROLE_ID) VALUES ('12', '3');
INSERT INTO "B00074902"."MAP_PERSON_ROLE" (PERSON_ID, ROLE_ID) VALUES ('13', '3');
INSERT INTO "B00074902"."MAP_PERSON_ROLE" (PERSON_ID, ROLE_ID) VALUES ('14', '3');
INSERT INTO "B00074902"."MAP_PERSON_ROLE" (PERSON_ID, ROLE_ID) VALUES ('15', '3');
INSERT INTO "B00074902"."MAP_PERSON_ROLE" (PERSON_ID, ROLE_ID) VALUES ('16', '3');
INSERT INTO "B00074902"."MAP_PERSON_ROLE" (PERSON_ID, ROLE_ID) VALUES ('17', '3');
INSERT INTO "B00074902"."MAP_PERSON_ROLE" (PERSON_ID, ROLE_ID) VALUES ('18', '3');
INSERT INTO "B00074902"."MAP_PERSON_ROLE" (PERSON_ID, ROLE_ID) VALUES ('19', '3');
INSERT INTO "B00074902"."MAP_PERSON_ROLE" (PERSON_ID, ROLE_ID) VALUES ('20', '3');
INSERT INTO "B00074902"."MAP_PERSON_ROLE" (PERSON_ID, ROLE_ID) VALUES ('21', '2');
INSERT INTO "B00074902"."MAP_PERSON_ROLE" (PERSON_ID, ROLE_ID) VALUES ('22', '2');
INSERT INTO "B00074902"."MAP_PERSON_ROLE" (PERSON_ID, ROLE_ID) VALUES ('23', '2');
INSERT INTO "B00074902"."MAP_PERSON_ROLE" (PERSON_ID, ROLE_ID) VALUES ('24', '2');
INSERT INTO "B00074902"."MAP_PERSON_ROLE" (PERSON_ID, ROLE_ID) VALUES ('25', '2');
INSERT INTO "B00074902"."MAP_PERSON_ROLE" (PERSON_ID, ROLE_ID) VALUES ('26', '2');
INSERT INTO "B00074902"."MAP_PERSON_ROLE" (PERSON_ID, ROLE_ID) VALUES ('27', '2');
INSERT INTO "B00074902"."MAP_PERSON_ROLE" (PERSON_ID, ROLE_ID) VALUES ('28', '2');
INSERT INTO "B00074902"."MAP_PERSON_ROLE" (PERSON_ID, ROLE_ID) VALUES ('29', '2');
INSERT INTO "B00074902"."MAP_PERSON_ROLE" (PERSON_ID, ROLE_ID) VALUES ('30', '2');
INSERT INTO "B00074902"."MAP_PERSON_ROLE" (PERSON_ID, ROLE_ID) VALUES ('31', '2');
INSERT INTO "B00074902"."MAP_PERSON_ROLE" (PERSON_ID, ROLE_ID) VALUES ('32', '2');
INSERT INTO "B00074902"."MAP_PERSON_ROLE" (PERSON_ID, ROLE_ID) VALUES ('33', '2');
INSERT INTO "B00074902"."MAP_PERSON_ROLE" (PERSON_ID, ROLE_ID) VALUES ('34', '2');
INSERT INTO "B00074902"."MAP_PERSON_ROLE" (PERSON_ID, ROLE_ID) VALUES ('35', '2');
INSERT INTO "B00074902"."MAP_PERSON_ROLE" (PERSON_ID, ROLE_ID) VALUES ('36', '2');
INSERT INTO "B00074902"."MAP_PERSON_ROLE" (PERSON_ID, ROLE_ID) VALUES ('37', '2');
INSERT INTO "B00074902"."MAP_PERSON_ROLE" (PERSON_ID, ROLE_ID) VALUES ('38', '2');
INSERT INTO "B00074902"."MAP_PERSON_ROLE" (PERSON_ID, ROLE_ID) VALUES ('39', '2');
INSERT INTO "B00074902"."MAP_PERSON_ROLE" (PERSON_ID, ROLE_ID) VALUES ('40', '2');

-------------------------------------------------------------------------------------------------------------------------------------------
-----------------------------------------------------------------  Donee  -----------------------------------------------------------------  

INSERT INTO "B00074902"."DONEE" (ID, DONEE_NAME, PHONE_NUMBER, EMAIL, ADDRESS_DESCRIPTION, CITY, COUNTRY, DONEE_STATUS_ID, DONEE_TYPE_ID, MEMBER_COUNT, QUANTITY_REQUESTED, PERSON_ID) VALUES ('1', 'Annita Rosinski', '(691) 696-7074', 'slanglois@verizon.net', 'Windbeach, Jackson Street', 'Pascoag', 'Quatar', '1', '1', '47', '52', '1');
INSERT INTO "B00074902"."DONEE" (ID, DONEE_NAME, PHONE_NUMBER, EMAIL, ADDRESS_DESCRIPTION, CITY, COUNTRY, DONEE_STATUS_ID, DONEE_TYPE_ID, MEMBER_COUNT, QUANTITY_REQUESTED, PERSON_ID) VALUES ('2', 'Camila Rawls', '(969) 597-6979', 'jimxugle@verizon.net', 'Faywater, Lincoln Street', 'El Portal', 'UAE', '2', '2', '71', '9', '2');
INSERT INTO "B00074902"."DONEE" (ID, DONEE_NAME, PHONE_NUMBER, EMAIL, ADDRESS_DESCRIPTION, CITY, COUNTRY, DONEE_STATUS_ID, DONEE_TYPE_ID, MEMBER_COUNT, QUANTITY_REQUESTED, PERSON_ID) VALUES ('3', 'Petra Olds', '(648) 446-8603', 'quinn@gmail.com', 'Ashhedge, York Street', 'Red Mills', 'UAE', '1', '2', '91', '23', '3');
INSERT INTO "B00074902"."DONEE" (ID, DONEE_NAME, PHONE_NUMBER, EMAIL, ADDRESS_DESCRIPTION, CITY, COUNTRY, DONEE_STATUS_ID, DONEE_TYPE_ID, MEMBER_COUNT, QUANTITY_REQUESTED, PERSON_ID) VALUES ('4', 'Georgetta Dopp', '(963) 381-7121', 'monopole@outlook.com', 'Beechley, Cypress Court', 'Little Ferry', 'Bahrain', '2', '1', '88', '49', '4');
INSERT INTO "B00074902"."DONEE" (ID, DONEE_NAME, PHONE_NUMBER, EMAIL, ADDRESS_DESCRIPTION, CITY, COUNTRY, DONEE_STATUS_ID, DONEE_TYPE_ID, MEMBER_COUNT, QUANTITY_REQUESTED, PERSON_ID) VALUES ('5', 'Jenise Longerbeam', '(457) 346-9130', 'bruck@mac.com', 'Fallbarrow, Mulberry Lane', 'Lost Creek', 'SaudiArabia', '2', '1', '38', '80', '5');
INSERT INTO "B00074902"."DONEE" (ID, DONEE_NAME, PHONE_NUMBER, EMAIL, ADDRESS_DESCRIPTION, CITY, COUNTRY, DONEE_STATUS_ID, DONEE_TYPE_ID, MEMBER_COUNT, QUANTITY_REQUESTED, PERSON_ID) VALUES ('6', 'Ocie Hearon', '(548) 889-1879', 'rsteiner@me.com', 'Whiteshore, Cottage Street', 'Webbers Falls', 'Quatar', '1', '2', '87', '96', '6');
INSERT INTO "B00074902"."DONEE" (ID, DONEE_NAME, PHONE_NUMBER, EMAIL, ADDRESS_DESCRIPTION, CITY, COUNTRY, DONEE_STATUS_ID, DONEE_TYPE_ID, MEMBER_COUNT, QUANTITY_REQUESTED, PERSON_ID) VALUES ('7', 'Traci Curcio', '(817) 219-6883', 'ryanshaw@outlook.com', 'Wellshadow, Depot Street', 'Brave', 'UAE', '2', '1', '27', '47', '7');
INSERT INTO "B00074902"."DONEE" (ID, DONEE_NAME, PHONE_NUMBER, EMAIL, ADDRESS_DESCRIPTION, CITY, COUNTRY, DONEE_STATUS_ID, DONEE_TYPE_ID, MEMBER_COUNT, QUANTITY_REQUESTED, PERSON_ID) VALUES ('8', 'Keitha Colombo', '(397) 553-6288', 'mccurley@outlook.com', 'Coldhedge, Route 2', 'Cloquet', 'Bahrain', '2', '2', '79', '36', '8');
INSERT INTO "B00074902"."DONEE" (ID, DONEE_NAME, PHONE_NUMBER, EMAIL, ADDRESS_DESCRIPTION, CITY, COUNTRY, DONEE_STATUS_ID, DONEE_TYPE_ID, MEMBER_COUNT, QUANTITY_REQUESTED, PERSON_ID) VALUES ('9', 'Annamaria Collingsworth', '(970) 595-4908', 'sakusha@verizon.net', 'Whitepond, Jones Street', 'Widefield', 'Oman', '1', '2', '23', '77', '9');
INSERT INTO "B00074902"."DONEE" (ID, DONEE_NAME, PHONE_NUMBER, EMAIL, ADDRESS_DESCRIPTION, CITY, COUNTRY, DONEE_STATUS_ID, DONEE_TYPE_ID, MEMBER_COUNT, QUANTITY_REQUESTED, PERSON_ID) VALUES ('10', 'Julius Goodreau', '(306) 633-9084', 'osaru@mac.com', 'Faybeech, Redwood Drive', 'Rocky Mount', 'Bahrain', '2', '1', '28', '15', '10');
INSERT INTO "B00074902"."DONEE" (ID, DONEE_NAME, PHONE_NUMBER, EMAIL, ADDRESS_DESCRIPTION, CITY, COUNTRY, DONEE_STATUS_ID, DONEE_TYPE_ID, MEMBER_COUNT, QUANTITY_REQUESTED, PERSON_ID) VALUES ('11', 'Jeff Rouse', '(687) 519-9177', 'bmorrow@aol.com', 'Silverdeer, Canal Street', 'Shaver Lake', 'Bahrain', '2', '2', '8', '38', '11');
INSERT INTO "B00074902"."DONEE" (ID, DONEE_NAME, PHONE_NUMBER, EMAIL, ADDRESS_DESCRIPTION, CITY, COUNTRY, DONEE_STATUS_ID, DONEE_TYPE_ID, MEMBER_COUNT, QUANTITY_REQUESTED, PERSON_ID) VALUES ('12', 'Luella Tarantino', '(604) 687-0814', 'bartak@att.net', 'Greyhall, Country Club Road', 'Bradford', 'Quatar', '2', '2', '39', '29', '12');
INSERT INTO "B00074902"."DONEE" (ID, DONEE_NAME, PHONE_NUMBER, EMAIL, ADDRESS_DESCRIPTION, CITY, COUNTRY, DONEE_STATUS_ID, DONEE_TYPE_ID, MEMBER_COUNT, QUANTITY_REQUESTED, PERSON_ID) VALUES ('13', 'Kindra Gracey', '(451) 696-5565', 'iapetus@outlook.com', 'Shadowsnow, Devonshire Drive', 'Bogart', 'Quatar', '2', '2', '99', '54', '13');
INSERT INTO "B00074902"."DONEE" (ID, DONEE_NAME, PHONE_NUMBER, EMAIL, ADDRESS_DESCRIPTION, CITY, COUNTRY, DONEE_STATUS_ID, DONEE_TYPE_ID, MEMBER_COUNT, QUANTITY_REQUESTED, PERSON_ID) VALUES ('14', 'Alonzo Buss', '(953) 864-7022', 'dmouse@verizon.net', 'Sagewick, Riverside Drive', 'Pascoag', 'UAE', '2', '1', '71', '69', '14');
INSERT INTO "B00074902"."DONEE" (ID, DONEE_NAME, PHONE_NUMBER, EMAIL, ADDRESS_DESCRIPTION, CITY, COUNTRY, DONEE_STATUS_ID, DONEE_TYPE_ID, MEMBER_COUNT, QUANTITY_REQUESTED, PERSON_ID) VALUES ('15', 'Delphine Wisener', '(894) 667-2965', 'giafly@yahoo.com', 'Lorland, Church Street North', 'El Portal', 'Oman', '2', '1', '53', '80', '15');
INSERT INTO "B00074902"."DONEE" (ID, DONEE_NAME, PHONE_NUMBER, EMAIL, ADDRESS_DESCRIPTION, CITY, COUNTRY, DONEE_STATUS_ID, DONEE_TYPE_ID, MEMBER_COUNT, QUANTITY_REQUESTED, PERSON_ID) VALUES ('16', 'Jada Clark', '(452) 950-8147', 'murdocj@mac.com', 'Vertwater, Heather Lane', 'Red Mills', 'SaudiArabia', '1', '2', '50', '95', '16');
INSERT INTO "B00074902"."DONEE" (ID, DONEE_NAME, PHONE_NUMBER, EMAIL, ADDRESS_DESCRIPTION, CITY, COUNTRY, DONEE_STATUS_ID, DONEE_TYPE_ID, MEMBER_COUNT, QUANTITY_REQUESTED, PERSON_ID) VALUES ('17', 'Carline Lauffer', '(690) 960-8078', 'dawnsong@sbcglobal.net', 'Welldale, Route 202', 'Little Ferry', 'SaudiArabia', '1', '1', '84', '87', '17');
INSERT INTO "B00074902"."DONEE" (ID, DONEE_NAME, PHONE_NUMBER, EMAIL, ADDRESS_DESCRIPTION, CITY, COUNTRY, DONEE_STATUS_ID, DONEE_TYPE_ID, MEMBER_COUNT, QUANTITY_REQUESTED, PERSON_ID) VALUES ('18', 'Shelley Kappler', '(387) 330-2483', 'torgox@sbcglobal.net', 'Butteracre, Main Street East', 'Lost Creek', 'Bahrain', '2', '1', '62', '10', '18');
INSERT INTO "B00074902"."DONEE" (ID, DONEE_NAME, PHONE_NUMBER, EMAIL, ADDRESS_DESCRIPTION, CITY, COUNTRY, DONEE_STATUS_ID, DONEE_TYPE_ID, MEMBER_COUNT, QUANTITY_REQUESTED, PERSON_ID) VALUES ('19', 'Merrilee Langstaff', '(326) 480-1286', 'liedra@sbcglobal.net', 'Lochbridge, Cedar Lane', 'Webbers Falls', 'SaudiArabia', '1', '1', '65', '96', '19');
INSERT INTO "B00074902"."DONEE" (ID, DONEE_NAME, PHONE_NUMBER, EMAIL, ADDRESS_DESCRIPTION, CITY, COUNTRY, DONEE_STATUS_ID, DONEE_TYPE_ID, MEMBER_COUNT, QUANTITY_REQUESTED, PERSON_ID) VALUES ('20', 'Fran Duffy', '(441) 648-6683', 'ivoibs@sbcglobal.net', 'Beachhollow, Victoria Court', 'Brave', 'UAE', '1', '2', '29', '72', '20');

-----------------------------------------------------------------  Donee Spice Range  -----------------------------------------------------------------  

INSERT INTO "B00074902"."DONEE_SPICE_RANGE" (ID, DONEE_ID, START_LEVEL, END_LEVEL) VALUES ('1', '1', '3', '3');
INSERT INTO "B00074902"."DONEE_SPICE_RANGE" (ID, DONEE_ID, START_LEVEL, END_LEVEL) VALUES ('2', '2', '3', '3');
INSERT INTO "B00074902"."DONEE_SPICE_RANGE" (ID, DONEE_ID, START_LEVEL, END_LEVEL) VALUES ('3', '3', '3', '3');
INSERT INTO "B00074902"."DONEE_SPICE_RANGE" (ID, DONEE_ID, START_LEVEL, END_LEVEL) VALUES ('4', '4', '3', '4');
INSERT INTO "B00074902"."DONEE_SPICE_RANGE" (ID, DONEE_ID, START_LEVEL, END_LEVEL) VALUES ('5', '5', '1', '3');
INSERT INTO "B00074902"."DONEE_SPICE_RANGE" (ID, DONEE_ID, START_LEVEL, END_LEVEL) VALUES ('6', '6', '4', '4');
INSERT INTO "B00074902"."DONEE_SPICE_RANGE" (ID, DONEE_ID, START_LEVEL, END_LEVEL) VALUES ('7', '7', '1', '1');
INSERT INTO "B00074902"."DONEE_SPICE_RANGE" (ID, DONEE_ID, START_LEVEL, END_LEVEL) VALUES ('8', '8', '4', '4');
INSERT INTO "B00074902"."DONEE_SPICE_RANGE" (ID, DONEE_ID, START_LEVEL, END_LEVEL) VALUES ('9', '9', '1', '2');
INSERT INTO "B00074902"."DONEE_SPICE_RANGE" (ID, DONEE_ID, START_LEVEL, END_LEVEL) VALUES ('10', '10', '2', '2');
INSERT INTO "B00074902"."DONEE_SPICE_RANGE" (ID, DONEE_ID, START_LEVEL, END_LEVEL) VALUES ('11', '11', '3', '3');
INSERT INTO "B00074902"."DONEE_SPICE_RANGE" (ID, DONEE_ID, START_LEVEL, END_LEVEL) VALUES ('12', '12', '2', '3');
INSERT INTO "B00074902"."DONEE_SPICE_RANGE" (ID, DONEE_ID, START_LEVEL, END_LEVEL) VALUES ('13', '13', '2', '3');
INSERT INTO "B00074902"."DONEE_SPICE_RANGE" (ID, DONEE_ID, START_LEVEL, END_LEVEL) VALUES ('14', '14', '1', '3');
INSERT INTO "B00074902"."DONEE_SPICE_RANGE" (ID, DONEE_ID, START_LEVEL, END_LEVEL) VALUES ('15', '15', '4', '4');
INSERT INTO "B00074902"."DONEE_SPICE_RANGE" (ID, DONEE_ID, START_LEVEL, END_LEVEL) VALUES ('16', '16', '1', '1');
INSERT INTO "B00074902"."DONEE_SPICE_RANGE" (ID, DONEE_ID, START_LEVEL, END_LEVEL) VALUES ('17', '17', '2', '3');
INSERT INTO "B00074902"."DONEE_SPICE_RANGE" (ID, DONEE_ID, START_LEVEL, END_LEVEL) VALUES ('18', '18', '1', '1');
INSERT INTO "B00074902"."DONEE_SPICE_RANGE" (ID, DONEE_ID, START_LEVEL, END_LEVEL) VALUES ('19', '19', '2', '4');
INSERT INTO "B00074902"."DONEE_SPICE_RANGE" (ID, DONEE_ID, START_LEVEL, END_LEVEL) VALUES ('20', '20', '2', '4');

-----------------------------------------------------------------  Donee Price Range  -----------------------------------------------------------------

INSERT INTO "B00074902"."DONEE_PRICE_RANGE" (ID, DONEE_ID, START_PRICE, END_PRICE) VALUES ('1', '1', '65.63', '92.96');
INSERT INTO "B00074902"."DONEE_PRICE_RANGE" (ID, DONEE_ID, START_PRICE, END_PRICE) VALUES ('2', '2', '59.23', '92.03');
INSERT INTO "B00074902"."DONEE_PRICE_RANGE" (ID, DONEE_ID, START_PRICE, END_PRICE) VALUES ('3', '3', '55.21', '91.82');
INSERT INTO "B00074902"."DONEE_PRICE_RANGE" (ID, DONEE_ID, START_PRICE, END_PRICE) VALUES ('4', '4', '69.56', '94.96');
INSERT INTO "B00074902"."DONEE_PRICE_RANGE" (ID, DONEE_ID, START_PRICE, END_PRICE) VALUES ('5', '5', '55.64', '75.03');
INSERT INTO "B00074902"."DONEE_PRICE_RANGE" (ID, DONEE_ID, START_PRICE, END_PRICE) VALUES ('6', '6', '47.76', '74.54');
INSERT INTO "B00074902"."DONEE_PRICE_RANGE" (ID, DONEE_ID, START_PRICE, END_PRICE) VALUES ('7', '7', '20.82', '52.22');
INSERT INTO "B00074902"."DONEE_PRICE_RANGE" (ID, DONEE_ID, START_PRICE, END_PRICE) VALUES ('8', '8', '16.86', '59.49');
INSERT INTO "B00074902"."DONEE_PRICE_RANGE" (ID, DONEE_ID, START_PRICE, END_PRICE) VALUES ('9', '9', '48.44', '82.22');
INSERT INTO "B00074902"."DONEE_PRICE_RANGE" (ID, DONEE_ID, START_PRICE, END_PRICE) VALUES ('10', '10', '80.78', '97');
INSERT INTO "B00074902"."DONEE_PRICE_RANGE" (ID, DONEE_ID, START_PRICE, END_PRICE) VALUES ('11', '11', '85.73', '91.02');
INSERT INTO "B00074902"."DONEE_PRICE_RANGE" (ID, DONEE_ID, START_PRICE, END_PRICE) VALUES ('12', '12', '38.69', '84.17');
INSERT INTO "B00074902"."DONEE_PRICE_RANGE" (ID, DONEE_ID, START_PRICE, END_PRICE) VALUES ('13', '13', '75.54', '88.65');
INSERT INTO "B00074902"."DONEE_PRICE_RANGE" (ID, DONEE_ID, START_PRICE, END_PRICE) VALUES ('14', '14', '43.61', '98.52');
INSERT INTO "B00074902"."DONEE_PRICE_RANGE" (ID, DONEE_ID, START_PRICE, END_PRICE) VALUES ('15', '15', '66.2', '86.01');
INSERT INTO "B00074902"."DONEE_PRICE_RANGE" (ID, DONEE_ID, START_PRICE, END_PRICE) VALUES ('16', '16', '97.25', '98.36');
INSERT INTO "B00074902"."DONEE_PRICE_RANGE" (ID, DONEE_ID, START_PRICE, END_PRICE) VALUES ('17', '17', '75.58', '93.78');
INSERT INTO "B00074902"."DONEE_PRICE_RANGE" (ID, DONEE_ID, START_PRICE, END_PRICE) VALUES ('18', '18', '76.66', '97.13');
INSERT INTO "B00074902"."DONEE_PRICE_RANGE" (ID, DONEE_ID, START_PRICE, END_PRICE) VALUES ('19', '19', '34.62', '52.24');
INSERT INTO "B00074902"."DONEE_PRICE_RANGE" (ID, DONEE_ID, START_PRICE, END_PRICE) VALUES ('20', '20', '52', '62.49');

-----------------------------------------------------------------  Map Donee Allergen  -----------------------------------------------------------------

INSERT INTO "B00074902"."MAP_DONEE_ALLERGEN" (ID, DONEE_ID, ALLERGEN_ID) VALUES ('1', '1', '1');
INSERT INTO "B00074902"."MAP_DONEE_ALLERGEN" (ID, DONEE_ID, ALLERGEN_ID) VALUES ('2', '1', '2');
INSERT INTO "B00074902"."MAP_DONEE_ALLERGEN" (ID, DONEE_ID, ALLERGEN_ID) VALUES ('3', '1', '2');
INSERT INTO "B00074902"."MAP_DONEE_ALLERGEN" (ID, DONEE_ID, ALLERGEN_ID) VALUES ('4', '1', '3');
INSERT INTO "B00074902"."MAP_DONEE_ALLERGEN" (ID, DONEE_ID, ALLERGEN_ID) VALUES ('5', '2', '1');
INSERT INTO "B00074902"."MAP_DONEE_ALLERGEN" (ID, DONEE_ID, ALLERGEN_ID) VALUES ('6', '2', '5');
INSERT INTO "B00074902"."MAP_DONEE_ALLERGEN" (ID, DONEE_ID, ALLERGEN_ID) VALUES ('7', '3', '4');
INSERT INTO "B00074902"."MAP_DONEE_ALLERGEN" (ID, DONEE_ID, ALLERGEN_ID) VALUES ('8', '4', '1');
INSERT INTO "B00074902"."MAP_DONEE_ALLERGEN" (ID, DONEE_ID, ALLERGEN_ID) VALUES ('9', '4', '3');
INSERT INTO "B00074902"."MAP_DONEE_ALLERGEN" (ID, DONEE_ID, ALLERGEN_ID) VALUES ('10', '4', '1');
INSERT INTO "B00074902"."MAP_DONEE_ALLERGEN" (ID, DONEE_ID, ALLERGEN_ID) VALUES ('11', '4', '6');
INSERT INTO "B00074902"."MAP_DONEE_ALLERGEN" (ID, DONEE_ID, ALLERGEN_ID) VALUES ('12', '4', '5');
INSERT INTO "B00074902"."MAP_DONEE_ALLERGEN" (ID, DONEE_ID, ALLERGEN_ID) VALUES ('13', '5', '6');
INSERT INTO "B00074902"."MAP_DONEE_ALLERGEN" (ID, DONEE_ID, ALLERGEN_ID) VALUES ('14', '5', '5');
INSERT INTO "B00074902"."MAP_DONEE_ALLERGEN" (ID, DONEE_ID, ALLERGEN_ID) VALUES ('15', '5', '5');
INSERT INTO "B00074902"."MAP_DONEE_ALLERGEN" (ID, DONEE_ID, ALLERGEN_ID) VALUES ('16', '5', '2');
INSERT INTO "B00074902"."MAP_DONEE_ALLERGEN" (ID, DONEE_ID, ALLERGEN_ID) VALUES ('17', '6', '6');
INSERT INTO "B00074902"."MAP_DONEE_ALLERGEN" (ID, DONEE_ID, ALLERGEN_ID) VALUES ('18', '6', '5');
INSERT INTO "B00074902"."MAP_DONEE_ALLERGEN" (ID, DONEE_ID, ALLERGEN_ID) VALUES ('19', '6', '1');
INSERT INTO "B00074902"."MAP_DONEE_ALLERGEN" (ID, DONEE_ID, ALLERGEN_ID) VALUES ('20', '7', '3');
INSERT INTO "B00074902"."MAP_DONEE_ALLERGEN" (ID, DONEE_ID, ALLERGEN_ID) VALUES ('21', '7', '3');
INSERT INTO "B00074902"."MAP_DONEE_ALLERGEN" (ID, DONEE_ID, ALLERGEN_ID) VALUES ('22', '8', '2');
INSERT INTO "B00074902"."MAP_DONEE_ALLERGEN" (ID, DONEE_ID, ALLERGEN_ID) VALUES ('23', '8', '5');
INSERT INTO "B00074902"."MAP_DONEE_ALLERGEN" (ID, DONEE_ID, ALLERGEN_ID) VALUES ('24', '8', '3');
INSERT INTO "B00074902"."MAP_DONEE_ALLERGEN" (ID, DONEE_ID, ALLERGEN_ID) VALUES ('25', '9', '2');
INSERT INTO "B00074902"."MAP_DONEE_ALLERGEN" (ID, DONEE_ID, ALLERGEN_ID) VALUES ('26', '10', '6');
INSERT INTO "B00074902"."MAP_DONEE_ALLERGEN" (ID, DONEE_ID, ALLERGEN_ID) VALUES ('27', '11', '2');
INSERT INTO "B00074902"."MAP_DONEE_ALLERGEN" (ID, DONEE_ID, ALLERGEN_ID) VALUES ('28', '11', '2');
INSERT INTO "B00074902"."MAP_DONEE_ALLERGEN" (ID, DONEE_ID, ALLERGEN_ID) VALUES ('29', '11', '4');
INSERT INTO "B00074902"."MAP_DONEE_ALLERGEN" (ID, DONEE_ID, ALLERGEN_ID) VALUES ('30', '11', '3');
INSERT INTO "B00074902"."MAP_DONEE_ALLERGEN" (ID, DONEE_ID, ALLERGEN_ID) VALUES ('31', '12', '5');
INSERT INTO "B00074902"."MAP_DONEE_ALLERGEN" (ID, DONEE_ID, ALLERGEN_ID) VALUES ('32', '12', '4');
INSERT INTO "B00074902"."MAP_DONEE_ALLERGEN" (ID, DONEE_ID, ALLERGEN_ID) VALUES ('33', '12', '5');
INSERT INTO "B00074902"."MAP_DONEE_ALLERGEN" (ID, DONEE_ID, ALLERGEN_ID) VALUES ('34', '12', '4');
INSERT INTO "B00074902"."MAP_DONEE_ALLERGEN" (ID, DONEE_ID, ALLERGEN_ID) VALUES ('35', '13', '3');
INSERT INTO "B00074902"."MAP_DONEE_ALLERGEN" (ID, DONEE_ID, ALLERGEN_ID) VALUES ('36', '13', '1');
INSERT INTO "B00074902"."MAP_DONEE_ALLERGEN" (ID, DONEE_ID, ALLERGEN_ID) VALUES ('37', '13', '4');
INSERT INTO "B00074902"."MAP_DONEE_ALLERGEN" (ID, DONEE_ID, ALLERGEN_ID) VALUES ('38', '14', '3');
INSERT INTO "B00074902"."MAP_DONEE_ALLERGEN" (ID, DONEE_ID, ALLERGEN_ID) VALUES ('39', '15', '2');
INSERT INTO "B00074902"."MAP_DONEE_ALLERGEN" (ID, DONEE_ID, ALLERGEN_ID) VALUES ('40', '15', '4');
INSERT INTO "B00074902"."MAP_DONEE_ALLERGEN" (ID, DONEE_ID, ALLERGEN_ID) VALUES ('41', '15', '3');
INSERT INTO "B00074902"."MAP_DONEE_ALLERGEN" (ID, DONEE_ID, ALLERGEN_ID) VALUES ('42', '15', '5');
INSERT INTO "B00074902"."MAP_DONEE_ALLERGEN" (ID, DONEE_ID, ALLERGEN_ID) VALUES ('43', '15', '6');
INSERT INTO "B00074902"."MAP_DONEE_ALLERGEN" (ID, DONEE_ID, ALLERGEN_ID) VALUES ('44', '15', '5');
INSERT INTO "B00074902"."MAP_DONEE_ALLERGEN" (ID, DONEE_ID, ALLERGEN_ID) VALUES ('45', '16', '2');
INSERT INTO "B00074902"."MAP_DONEE_ALLERGEN" (ID, DONEE_ID, ALLERGEN_ID) VALUES ('46', '17', '3');
INSERT INTO "B00074902"."MAP_DONEE_ALLERGEN" (ID, DONEE_ID, ALLERGEN_ID) VALUES ('47', '17', '5');
INSERT INTO "B00074902"."MAP_DONEE_ALLERGEN" (ID, DONEE_ID, ALLERGEN_ID) VALUES ('48', '18', '4');
INSERT INTO "B00074902"."MAP_DONEE_ALLERGEN" (ID, DONEE_ID, ALLERGEN_ID) VALUES ('49', '18', '4');
INSERT INTO "B00074902"."MAP_DONEE_ALLERGEN" (ID, DONEE_ID, ALLERGEN_ID) VALUES ('50', '18', '4');
INSERT INTO "B00074902"."MAP_DONEE_ALLERGEN" (ID, DONEE_ID, ALLERGEN_ID) VALUES ('51', '19', '5');
INSERT INTO "B00074902"."MAP_DONEE_ALLERGEN" (ID, DONEE_ID, ALLERGEN_ID) VALUES ('52', '19', '6');
INSERT INTO "B00074902"."MAP_DONEE_ALLERGEN" (ID, DONEE_ID, ALLERGEN_ID) VALUES ('53', '19', '3');
INSERT INTO "B00074902"."MAP_DONEE_ALLERGEN" (ID, DONEE_ID, ALLERGEN_ID) VALUES ('54', '19', '5');
INSERT INTO "B00074902"."MAP_DONEE_ALLERGEN" (ID, DONEE_ID, ALLERGEN_ID) VALUES ('55', '20', '5');
INSERT INTO "B00074902"."MAP_DONEE_ALLERGEN" (ID, DONEE_ID, ALLERGEN_ID) VALUES ('56', '20', '4');
INSERT INTO "B00074902"."MAP_DONEE_ALLERGEN" (ID, DONEE_ID, ALLERGEN_ID) VALUES ('57', '20', '1');
INSERT INTO "B00074902"."MAP_DONEE_ALLERGEN" (ID, DONEE_ID, ALLERGEN_ID) VALUES ('58', '20', '5');

-----------------------------------------------------------------  Map Donee MealType  -----------------------------------------------------------------

INSERT INTO "B00074902"."MAP_DONEE_MEAL_TYPE" (ID, DONEE_ID, MEAL_TYPE_ID) VALUES ('1', '1', '1');
INSERT INTO "B00074902"."MAP_DONEE_MEAL_TYPE" (ID, DONEE_ID, MEAL_TYPE_ID) VALUES ('2', '1', '3');
INSERT INTO "B00074902"."MAP_DONEE_MEAL_TYPE" (ID, DONEE_ID, MEAL_TYPE_ID) VALUES ('3', '1', '5');
INSERT INTO "B00074902"."MAP_DONEE_MEAL_TYPE" (ID, DONEE_ID, MEAL_TYPE_ID) VALUES ('4', '2', '5');
INSERT INTO "B00074902"."MAP_DONEE_MEAL_TYPE" (ID, DONEE_ID, MEAL_TYPE_ID) VALUES ('5', '3', '1');
INSERT INTO "B00074902"."MAP_DONEE_MEAL_TYPE" (ID, DONEE_ID, MEAL_TYPE_ID) VALUES ('6', '3', '2');
INSERT INTO "B00074902"."MAP_DONEE_MEAL_TYPE" (ID, DONEE_ID, MEAL_TYPE_ID) VALUES ('7', '3', '3');
INSERT INTO "B00074902"."MAP_DONEE_MEAL_TYPE" (ID, DONEE_ID, MEAL_TYPE_ID) VALUES ('8', '4', '5');
INSERT INTO "B00074902"."MAP_DONEE_MEAL_TYPE" (ID, DONEE_ID, MEAL_TYPE_ID) VALUES ('9', '4', '4');
INSERT INTO "B00074902"."MAP_DONEE_MEAL_TYPE" (ID, DONEE_ID, MEAL_TYPE_ID) VALUES ('10', '4', '1');
INSERT INTO "B00074902"."MAP_DONEE_MEAL_TYPE" (ID, DONEE_ID, MEAL_TYPE_ID) VALUES ('11', '5', '4');
INSERT INTO "B00074902"."MAP_DONEE_MEAL_TYPE" (ID, DONEE_ID, MEAL_TYPE_ID) VALUES ('12', '5', '5');
INSERT INTO "B00074902"."MAP_DONEE_MEAL_TYPE" (ID, DONEE_ID, MEAL_TYPE_ID) VALUES ('13', '5', '2');
INSERT INTO "B00074902"."MAP_DONEE_MEAL_TYPE" (ID, DONEE_ID, MEAL_TYPE_ID) VALUES ('14', '6', '4');
INSERT INTO "B00074902"."MAP_DONEE_MEAL_TYPE" (ID, DONEE_ID, MEAL_TYPE_ID) VALUES ('15', '7', '1');
INSERT INTO "B00074902"."MAP_DONEE_MEAL_TYPE" (ID, DONEE_ID, MEAL_TYPE_ID) VALUES ('16', '7', '5');
INSERT INTO "B00074902"."MAP_DONEE_MEAL_TYPE" (ID, DONEE_ID, MEAL_TYPE_ID) VALUES ('17', '7', '4');
INSERT INTO "B00074902"."MAP_DONEE_MEAL_TYPE" (ID, DONEE_ID, MEAL_TYPE_ID) VALUES ('18', '8', '2');
INSERT INTO "B00074902"."MAP_DONEE_MEAL_TYPE" (ID, DONEE_ID, MEAL_TYPE_ID) VALUES ('19', '8', '5');
INSERT INTO "B00074902"."MAP_DONEE_MEAL_TYPE" (ID, DONEE_ID, MEAL_TYPE_ID) VALUES ('20', '9', '4');

-----------------------------------------------------------------  Map Donee Cuisine  -----------------------------------------------------------------

INSERT INTO "B00074902"."MAP_DONEE_CUISINE" (ID, DONEE_ID, CUISINE_ID) VALUES ('1', '1', '8');
INSERT INTO "B00074902"."MAP_DONEE_CUISINE" (ID, DONEE_ID, CUISINE_ID) VALUES ('2', '1', '12');
INSERT INTO "B00074902"."MAP_DONEE_CUISINE" (ID, DONEE_ID, CUISINE_ID) VALUES ('3', '1', '4');
INSERT INTO "B00074902"."MAP_DONEE_CUISINE" (ID, DONEE_ID, CUISINE_ID) VALUES ('4', '1', '17');
INSERT INTO "B00074902"."MAP_DONEE_CUISINE" (ID, DONEE_ID, CUISINE_ID) VALUES ('5', '2', '15');
INSERT INTO "B00074902"."MAP_DONEE_CUISINE" (ID, DONEE_ID, CUISINE_ID) VALUES ('6', '2', '11');
INSERT INTO "B00074902"."MAP_DONEE_CUISINE" (ID, DONEE_ID, CUISINE_ID) VALUES ('7', '2', '14');
INSERT INTO "B00074902"."MAP_DONEE_CUISINE" (ID, DONEE_ID, CUISINE_ID) VALUES ('8', '3', '8');
INSERT INTO "B00074902"."MAP_DONEE_CUISINE" (ID, DONEE_ID, CUISINE_ID) VALUES ('9', '3', '2');
INSERT INTO "B00074902"."MAP_DONEE_CUISINE" (ID, DONEE_ID, CUISINE_ID) VALUES ('10', '3', '14');
INSERT INTO "B00074902"."MAP_DONEE_CUISINE" (ID, DONEE_ID, CUISINE_ID) VALUES ('11', '3', '3');
INSERT INTO "B00074902"."MAP_DONEE_CUISINE" (ID, DONEE_ID, CUISINE_ID) VALUES ('12', '4', '7');
INSERT INTO "B00074902"."MAP_DONEE_CUISINE" (ID, DONEE_ID, CUISINE_ID) VALUES ('13', '4', '8');
INSERT INTO "B00074902"."MAP_DONEE_CUISINE" (ID, DONEE_ID, CUISINE_ID) VALUES ('14', '5', '11');
INSERT INTO "B00074902"."MAP_DONEE_CUISINE" (ID, DONEE_ID, CUISINE_ID) VALUES ('15', '5', '19');
INSERT INTO "B00074902"."MAP_DONEE_CUISINE" (ID, DONEE_ID, CUISINE_ID) VALUES ('16', '5', '2');
INSERT INTO "B00074902"."MAP_DONEE_CUISINE" (ID, DONEE_ID, CUISINE_ID) VALUES ('17', '6', '10');
INSERT INTO "B00074902"."MAP_DONEE_CUISINE" (ID, DONEE_ID, CUISINE_ID) VALUES ('18', '7', '16');
INSERT INTO "B00074902"."MAP_DONEE_CUISINE" (ID, DONEE_ID, CUISINE_ID) VALUES ('19', '7', '3');
INSERT INTO "B00074902"."MAP_DONEE_CUISINE" (ID, DONEE_ID, CUISINE_ID) VALUES ('20', '7', '15');
INSERT INTO "B00074902"."MAP_DONEE_CUISINE" (ID, DONEE_ID, CUISINE_ID) VALUES ('21', '8', '7');
INSERT INTO "B00074902"."MAP_DONEE_CUISINE" (ID, DONEE_ID, CUISINE_ID) VALUES ('22', '8', '14');
INSERT INTO "B00074902"."MAP_DONEE_CUISINE" (ID, DONEE_ID, CUISINE_ID) VALUES ('23', '8', '18');
INSERT INTO "B00074902"."MAP_DONEE_CUISINE" (ID, DONEE_ID, CUISINE_ID) VALUES ('24', '8', '11');
INSERT INTO "B00074902"."MAP_DONEE_CUISINE" (ID, DONEE_ID, CUISINE_ID) VALUES ('25', '9', '9');
INSERT INTO "B00074902"."MAP_DONEE_CUISINE" (ID, DONEE_ID, CUISINE_ID) VALUES ('26', '9', '1');
INSERT INTO "B00074902"."MAP_DONEE_CUISINE" (ID, DONEE_ID, CUISINE_ID) VALUES ('27', '9', '18');
INSERT INTO "B00074902"."MAP_DONEE_CUISINE" (ID, DONEE_ID, CUISINE_ID) VALUES ('28', '10', '4');
INSERT INTO "B00074902"."MAP_DONEE_CUISINE" (ID, DONEE_ID, CUISINE_ID) VALUES ('29', '10', '13');
INSERT INTO "B00074902"."MAP_DONEE_CUISINE" (ID, DONEE_ID, CUISINE_ID) VALUES ('30', '10', '11');
INSERT INTO "B00074902"."MAP_DONEE_CUISINE" (ID, DONEE_ID, CUISINE_ID) VALUES ('31', '10', '15');
INSERT INTO "B00074902"."MAP_DONEE_CUISINE" (ID, DONEE_ID, CUISINE_ID) VALUES ('32', '11', '18');
INSERT INTO "B00074902"."MAP_DONEE_CUISINE" (ID, DONEE_ID, CUISINE_ID) VALUES ('33', '11', '2');
INSERT INTO "B00074902"."MAP_DONEE_CUISINE" (ID, DONEE_ID, CUISINE_ID) VALUES ('34', '12', '6');
INSERT INTO "B00074902"."MAP_DONEE_CUISINE" (ID, DONEE_ID, CUISINE_ID) VALUES ('35', '12', '14');
INSERT INTO "B00074902"."MAP_DONEE_CUISINE" (ID, DONEE_ID, CUISINE_ID) VALUES ('36', '13', '10');
INSERT INTO "B00074902"."MAP_DONEE_CUISINE" (ID, DONEE_ID, CUISINE_ID) VALUES ('37', '14', '2');
INSERT INTO "B00074902"."MAP_DONEE_CUISINE" (ID, DONEE_ID, CUISINE_ID) VALUES ('38', '14', '15');
INSERT INTO "B00074902"."MAP_DONEE_CUISINE" (ID, DONEE_ID, CUISINE_ID) VALUES ('39', '14', '8');
INSERT INTO "B00074902"."MAP_DONEE_CUISINE" (ID, DONEE_ID, CUISINE_ID) VALUES ('40', '14', '14');
INSERT INTO "B00074902"."MAP_DONEE_CUISINE" (ID, DONEE_ID, CUISINE_ID) VALUES ('41', '15', '4');
INSERT INTO "B00074902"."MAP_DONEE_CUISINE" (ID, DONEE_ID, CUISINE_ID) VALUES ('42', '15', '10');
INSERT INTO "B00074902"."MAP_DONEE_CUISINE" (ID, DONEE_ID, CUISINE_ID) VALUES ('43', '16', '18');
INSERT INTO "B00074902"."MAP_DONEE_CUISINE" (ID, DONEE_ID, CUISINE_ID) VALUES ('44', '16', '4');
INSERT INTO "B00074902"."MAP_DONEE_CUISINE" (ID, DONEE_ID, CUISINE_ID) VALUES ('45', '16', '2');
INSERT INTO "B00074902"."MAP_DONEE_CUISINE" (ID, DONEE_ID, CUISINE_ID) VALUES ('46', '16', '15');
INSERT INTO "B00074902"."MAP_DONEE_CUISINE" (ID, DONEE_ID, CUISINE_ID) VALUES ('47', '17', '13');
INSERT INTO "B00074902"."MAP_DONEE_CUISINE" (ID, DONEE_ID, CUISINE_ID) VALUES ('48', '18', '18');
INSERT INTO "B00074902"."MAP_DONEE_CUISINE" (ID, DONEE_ID, CUISINE_ID) VALUES ('49', '18', '9');
INSERT INTO "B00074902"."MAP_DONEE_CUISINE" (ID, DONEE_ID, CUISINE_ID) VALUES ('50', '18', '8');
INSERT INTO "B00074902"."MAP_DONEE_CUISINE" (ID, DONEE_ID, CUISINE_ID) VALUES ('51', '19', '15');
INSERT INTO "B00074902"."MAP_DONEE_CUISINE" (ID, DONEE_ID, CUISINE_ID) VALUES ('52', '19', '7');
INSERT INTO "B00074902"."MAP_DONEE_CUISINE" (ID, DONEE_ID, CUISINE_ID) VALUES ('53', '20', '7');
INSERT INTO "B00074902"."MAP_DONEE_CUISINE" (ID, DONEE_ID, CUISINE_ID) VALUES ('54', '20', '12');
INSERT INTO "B00074902"."MAP_DONEE_CUISINE" (ID, DONEE_ID, CUISINE_ID) VALUES ('55', '20', '6');
INSERT INTO "B00074902"."MAP_DONEE_CUISINE" (ID, DONEE_ID, CUISINE_ID) VALUES ('56', '20', '15');

-------------------------------------------------------------------------------------------------------------------------------------------
-----------------------------------------------------------------  Donor  -----------------------------------------------------------------  

INSERT INTO "B00074902"."DONOR" (ID, DONOR_NAME, PHONE_NUMBER, EMAIL, ADDRESS_DESCRIPTION, CITY, COUNTRY, RATING, NUMBER_OF_RATING, DONOR_STATUS_ID, PERSON_ID) VALUES ('1', 'Quick & Go', '(691) 696-7074', 'zeller@me.com', 'Bylyn , Clay Street', 'Red Mills', 'Oman', '5', '3', '4', '21');
INSERT INTO "B00074902"."DONOR" (ID, DONOR_NAME, PHONE_NUMBER, EMAIL, ADDRESS_DESCRIPTION, CITY, COUNTRY, RATING, NUMBER_OF_RATING, DONOR_STATUS_ID, PERSON_ID) VALUES ('2', 'MN - El Pollo Rico #10', '(969) 597-6979', 'fairbank@mac.com', 'Bybeech , Hawthorne Avenue', 'Little Ferry', 'Bahrain', '0', '3', '4', '22');
INSERT INTO "B00074902"."DONOR" (ID, DONOR_NAME, PHONE_NUMBER, EMAIL, ADDRESS_DESCRIPTION, CITY, COUNTRY, RATING, NUMBER_OF_RATING, DONOR_STATUS_ID, PERSON_ID) VALUES ('3', 'Yager Food Store', '(648) 446-8603', 'tbmaddux@optonline.net', 'Valbeach , Highland Avenue', 'Lost Creek', 'Oman', '2', '2', '4', '23');
INSERT INTO "B00074902"."DONOR" (ID, DONOR_NAME, PHONE_NUMBER, EMAIL, ADDRESS_DESCRIPTION, CITY, COUNTRY, RATING, NUMBER_OF_RATING, DONOR_STATUS_ID, PERSON_ID) VALUES ('4', 'Verdes Grill', '(963) 381-7121', 'treeves@msn.com', 'Beachbourne , State Street', 'Webbers Falls', 'UAE', '5', '2', '4', '24');
INSERT INTO "B00074902"."DONOR" (ID, DONOR_NAME, PHONE_NUMBER, EMAIL, ADDRESS_DESCRIPTION, CITY, COUNTRY, RATING, NUMBER_OF_RATING, DONOR_STATUS_ID, PERSON_ID) VALUES ('5', 'Sonic', '(457) 346-9130', 'nichoj@msn.com', 'Spellmont , Atlantic Avenue', 'Brave', 'Bahrain', '2', '4', '3', '25');
INSERT INTO "B00074902"."DONOR" (ID, DONOR_NAME, PHONE_NUMBER, EMAIL, ADDRESS_DESCRIPTION, CITY, COUNTRY, RATING, NUMBER_OF_RATING, DONOR_STATUS_ID, PERSON_ID) VALUES ('6', 'Canyon Vista Middle School', '(548) 889-1879', 'sonnen@att.net', 'Snowiron , Sycamore Drive', 'Cloquet', 'UAE', '5', '6', '2', '26');
INSERT INTO "B00074902"."DONOR" (ID, DONOR_NAME, PHONE_NUMBER, EMAIL, ADDRESS_DESCRIPTION, CITY, COUNTRY, RATING, NUMBER_OF_RATING, DONOR_STATUS_ID, PERSON_ID) VALUES ('7', 'Lake Austin Spa Resort-Mn Dining Rm', '(817) 219-6883', 'miyop@aol.com', 'Southfall , Brook Lane', 'Widefield', 'Bahrain', '2', '4', '1', '27');
INSERT INTO "B00074902"."DONOR" (ID, DONOR_NAME, PHONE_NUMBER, EMAIL, ADDRESS_DESCRIPTION, CITY, COUNTRY, RATING, NUMBER_OF_RATING, DONOR_STATUS_ID, PERSON_ID) VALUES ('8', 'Grey Rock Golf Club', '(397) 553-6288', 'eidac@yahoo.ca', 'Oakgate , Primrose Lane', 'Rocky Mount', 'SaudiArabia', '2', '2', '4', '28');
INSERT INTO "B00074902"."DONOR" (ID, DONOR_NAME, PHONE_NUMBER, EMAIL, ADDRESS_DESCRIPTION, CITY, COUNTRY, RATING, NUMBER_OF_RATING, DONOR_STATUS_ID, PERSON_ID) VALUES ('9', 'Ana''s Mart', '(970) 595-4908', 'murdocj@gmail.com', 'Marblebeach , Roosevelt Avenue', 'Shaver Lake', 'SaudiArabia', '5', '4', '3', '29');
INSERT INTO "B00074902"."DONOR" (ID, DONOR_NAME, PHONE_NUMBER, EMAIL, ADDRESS_DESCRIPTION, CITY, COUNTRY, RATING, NUMBER_OF_RATING, DONOR_STATUS_ID, PERSON_ID) VALUES ('10', 'Cedar Creek Elem. School', '(306) 633-9084', 'scato@att.net', 'Beachpond , Strawberry Lane', 'Rowesville', 'SaudiArabia', '1', '2', '2', '30');
INSERT INTO "B00074902"."DONOR" (ID, DONOR_NAME, PHONE_NUMBER, EMAIL, ADDRESS_DESCRIPTION, CITY, COUNTRY, RATING, NUMBER_OF_RATING, DONOR_STATUS_ID, PERSON_ID) VALUES ('11', 'Sunrise Mini Mart #9', '(687) 519-9177', 'jramio@verizon.net', 'Faywynne , Hilltop Road', 'Seven Hills', 'SaudiArabia', '1', '2', '4', '31');
INSERT INTO "B00074902"."DONOR" (ID, DONOR_NAME, PHONE_NUMBER, EMAIL, ADDRESS_DESCRIPTION, CITY, COUNTRY, RATING, NUMBER_OF_RATING, DONOR_STATUS_ID, PERSON_ID) VALUES ('12', 'Phil''s Ice House, Inc', '(604) 687-0814', 'mailarc@comcast.net', 'Crystalmount , Harrison Avenue', 'Cairnbrook', 'SaudiArabia', '1', '2', '2', '32');
INSERT INTO "B00074902"."DONOR" (ID, DONOR_NAME, PHONE_NUMBER, EMAIL, ADDRESS_DESCRIPTION, CITY, COUNTRY, RATING, NUMBER_OF_RATING, DONOR_STATUS_ID, PERSON_ID) VALUES ('13', 'Brewtorium Brewery & Kitchen, The', '(451) 696-5565', 'mosses@yahoo.com', 'Aldviolet , Canterbury Court', 'Fouke', 'Oman', '2', '6', '3', '33');
INSERT INTO "B00074902"."DONOR" (ID, DONOR_NAME, PHONE_NUMBER, EMAIL, ADDRESS_DESCRIPTION, CITY, COUNTRY, RATING, NUMBER_OF_RATING, DONOR_STATUS_ID, PERSON_ID) VALUES ('14', 'Polvo''s Restaurant & Bar', '(953) 864-7022', 'satishr@yahoo.com', 'Eastspring , York Road', 'Box Elder', 'SaudiArabia', '5', '5', '4', '34');
INSERT INTO "B00074902"."DONOR" (ID, DONOR_NAME, PHONE_NUMBER, EMAIL, ADDRESS_DESCRIPTION, CITY, COUNTRY, RATING, NUMBER_OF_RATING, DONOR_STATUS_ID, PERSON_ID) VALUES ('15', 'Smokey Mo''s Bar-B-Q', '(894) 667-2965', 'hamilton@att.net', 'Rosenesse , Windsor Drive', 'Pheasant Run', 'SaudiArabia', '3', '4', '3', '35');
INSERT INTO "B00074902"."DONOR" (ID, DONOR_NAME, PHONE_NUMBER, EMAIL, ADDRESS_DESCRIPTION, CITY, COUNTRY, RATING, NUMBER_OF_RATING, DONOR_STATUS_ID, PERSON_ID) VALUES ('16', 'Mornin'' Donut', '(452) 950-8147', 'scarolan@icloud.com', 'Iceness , Ivy Lane', 'Denhoff', 'Bahrain', '3', '1', '2', '36');
INSERT INTO "B00074902"."DONOR" (ID, DONOR_NAME, PHONE_NUMBER, EMAIL, ADDRESS_DESCRIPTION, CITY, COUNTRY, RATING, NUMBER_OF_RATING, DONOR_STATUS_ID, PERSON_ID) VALUES ('17', 'Hilltop Bar & Grill', '(690) 960-8078', 'valdez@comcast.net', 'Northbeach , Park Drive', 'Laclede', 'UAE', '1', '5', '4', '37');
INSERT INTO "B00074902"."DONOR" (ID, DONOR_NAME, PHONE_NUMBER, EMAIL, ADDRESS_DESCRIPTION, CITY, COUNTRY, RATING, NUMBER_OF_RATING, DONOR_STATUS_ID, PERSON_ID) VALUES ('18', 'Louisiana Crab Shack', '(387) 330-2483', 'reeds@outlook.com', 'Dracwynne , Country Lane', 'Yorba Linda', 'UAE', '4', '5', '4', '38');
INSERT INTO "B00074902"."DONOR" (ID, DONOR_NAME, PHONE_NUMBER, EMAIL, ADDRESS_DESCRIPTION, CITY, COUNTRY, RATING, NUMBER_OF_RATING, DONOR_STATUS_ID, PERSON_ID) VALUES ('19', 'Circle K # 2741570', '(326) 480-1286', 'elflord@att.net', 'Merrimead , Hickory Street', 'Ionia', 'Oman', '1', '1', '3', '39');
INSERT INTO "B00074902"."DONOR" (ID, DONOR_NAME, PHONE_NUMBER, EMAIL, ADDRESS_DESCRIPTION, CITY, COUNTRY, RATING, NUMBER_OF_RATING, DONOR_STATUS_ID, PERSON_ID) VALUES ('20', 'BC - World Market #276', '(441) 648-6683', 'keutzer@me.com', 'Southhollow , John Street', 'North Randall', 'Oman', '2', '5', '2', '40');
-----------------------------------------------------------------  Food Table  -----------------------------------------------------------------

INSERT INTO "B00074902"."FOOD" (ID, FOOD_NAME, DESCRIPTION_TEXT, PRICE, MEAL_FOR_N_PEOPLE, QUANTITY_AVAILABLE, SPICE_LEVEL, DONOR_ID) VALUES ('1', 'Consomme printaniere', 'Dried Prunes,Water,Corn Syrup,Sugar,Pectin', '23.96', '1', '58', '1', '7');
INSERT INTO "B00074902"."FOOD" (ID, FOOD_NAME, DESCRIPTION_TEXT, PRICE, MEAL_FOR_N_PEOPLE, QUANTITY_AVAILABLE, SPICE_LEVEL, DONOR_ID) VALUES ('2', 'Chicken gumbo', 'Dried Prunes,Water,Corn Syrup,Sugar,Pectin', '18.87', '1', '57', '4', '5');
INSERT INTO "B00074902"."FOOD" (ID, FOOD_NAME, DESCRIPTION_TEXT, PRICE, MEAL_FOR_N_PEOPLE, QUANTITY_AVAILABLE, SPICE_LEVEL, DONOR_ID) VALUES ('3', 'Tomato aux croutons', 'Salt,Sugar,Molasses (Refinery Syrup, Molas', '48.72', '2', '43', '3', '1');
INSERT INTO "B00074902"."FOOD" (ID, FOOD_NAME, DESCRIPTION_TEXT, PRICE, MEAL_FOR_N_PEOPLE, QUANTITY_AVAILABLE, SPICE_LEVEL, DONOR_ID) VALUES ('4', 'Onion au gratin', 'Salt, Yellow 5 Lake, Tricalcium Phosphate ', '24.35', '4', '32', '2', '16');
INSERT INTO "B00074902"."FOOD" (ID, FOOD_NAME, DESCRIPTION_TEXT, PRICE, MEAL_FOR_N_PEOPLE, QUANTITY_AVAILABLE, SPICE_LEVEL, DONOR_ID) VALUES ('5', 'St. Emilion', 'Mechanically hulled seasame seeds.Allergy ', '65.46', '1', '71', '1', '11');
INSERT INTO "B00074902"."FOOD" (ID, FOOD_NAME, DESCRIPTION_TEXT, PRICE, MEAL_FOR_N_PEOPLE, QUANTITY_AVAILABLE, SPICE_LEVEL, DONOR_ID) VALUES ('6', 'Radishes', 'FALSE', '50.31', '2', '39', '2', '2');
INSERT INTO "B00074902"."FOOD" (ID, FOOD_NAME, DESCRIPTION_TEXT, PRICE, MEAL_FOR_N_PEOPLE, QUANTITY_AVAILABLE, SPICE_LEVEL, DONOR_ID) VALUES ('7', 'Chicken soup with ri', 'Red Raspberries,Sugar,Glucose Syrup,Citric', '36.22', '3', '42', '3', '15');
INSERT INTO "B00074902"."FOOD" (ID, FOOD_NAME, DESCRIPTION_TEXT, PRICE, MEAL_FOR_N_PEOPLE, QUANTITY_AVAILABLE, SPICE_LEVEL, DONOR_ID) VALUES ('8', 'Clam broth (cup)', 'Noodles: wheat flour,water,wheat gluten,mo', '19.26', '4', '68', '2', '5');
INSERT INTO "B00074902"."FOOD" (ID, FOOD_NAME, DESCRIPTION_TEXT, PRICE, MEAL_FOR_N_PEOPLE, QUANTITY_AVAILABLE, SPICE_LEVEL, DONOR_ID) VALUES ('9', 'Cream of new asparag', 'Wheat Flour,Soybean Oil,Salt,Dehydrated Ga', '97.86', '2', '53', '3', '10');
INSERT INTO "B00074902"."FOOD" (ID, FOOD_NAME, DESCRIPTION_TEXT, PRICE, MEAL_FOR_N_PEOPLE, QUANTITY_AVAILABLE, SPICE_LEVEL, DONOR_ID) VALUES ('10', 'Clear green turtle', 'Rolled Oats,Brown Rice Syrup,Evaporated Ca', '49.68', '2', '54', '4', '3');
INSERT INTO "B00074902"."FOOD" (ID, FOOD_NAME, DESCRIPTION_TEXT, PRICE, MEAL_FOR_N_PEOPLE, QUANTITY_AVAILABLE, SPICE_LEVEL, DONOR_ID) VALUES ('11', 'Striped bass saute, ', 'Skim Milk,Sugar,Corn Syrup,Canola Oil,High', '8.98', '2', '58', '2', '4');
INSERT INTO "B00074902"."FOOD" (ID, FOOD_NAME, DESCRIPTION_TEXT, PRICE, MEAL_FOR_N_PEOPLE, QUANTITY_AVAILABLE, SPICE_LEVEL, DONOR_ID) VALUES ('12', 'Anchovies', 'Filtered Water,Whole Organic Soybeans,Orga', '96.49', '1', '58', '3', '14');
INSERT INTO "B00074902"."FOOD" (ID, FOOD_NAME, DESCRIPTION_TEXT, PRICE, MEAL_FOR_N_PEOPLE, QUANTITY_AVAILABLE, SPICE_LEVEL, DONOR_ID) VALUES ('13', 'Fresh lobsters in ev', 'Filtered Water,Whole Organic Soybeans,Orga', '83.15', '2', '36', '4', '19');
INSERT INTO "B00074902"."FOOD" (ID, FOOD_NAME, DESCRIPTION_TEXT, PRICE, MEAL_FOR_N_PEOPLE, QUANTITY_AVAILABLE, SPICE_LEVEL, DONOR_ID) VALUES ('14', 'Celery', 'Almondmilk (Filtered Water, Almonds),Evapo', '50.43', '3', '71', '3', '5');
INSERT INTO "B00074902"."FOOD" (ID, FOOD_NAME, DESCRIPTION_TEXT, PRICE, MEAL_FOR_N_PEOPLE, QUANTITY_AVAILABLE, SPICE_LEVEL, DONOR_ID) VALUES ('15', 'Pim-olas', 'Enriched Flour (Wheat Flour, Malted Barley', '33.24', '4', '45', '4', '4');
INSERT INTO "B00074902"."FOOD" (ID, FOOD_NAME, DESCRIPTION_TEXT, PRICE, MEAL_FOR_N_PEOPLE, QUANTITY_AVAILABLE, SPICE_LEVEL, DONOR_ID) VALUES ('16', 'Caviar', 'Anise Seed Used mainly to add flavor to co', '9.56', '4', '64', '2', '6');
INSERT INTO "B00074902"."FOOD" (ID, FOOD_NAME, DESCRIPTION_TEXT, PRICE, MEAL_FOR_N_PEOPLE, QUANTITY_AVAILABLE, SPICE_LEVEL, DONOR_ID) VALUES ('17', 'Sardines', 'Garlic Powder. 1/4 teaspoon garlic powder ', '83.6', '3', '30', '1', '9');
INSERT INTO "B00074902"."FOOD" (ID, FOOD_NAME, DESCRIPTION_TEXT, PRICE, MEAL_FOR_N_PEOPLE, QUANTITY_AVAILABLE, SPICE_LEVEL, DONOR_ID) VALUES ('18', 'India chutney', 'Sugar,Corn Syrup,Gelatin,Citric Acid,Lacti', '30.32', '3', '74', '3', '17');
INSERT INTO "B00074902"."FOOD" (ID, FOOD_NAME, DESCRIPTION_TEXT, PRICE, MEAL_FOR_N_PEOPLE, QUANTITY_AVAILABLE, SPICE_LEVEL, DONOR_ID) VALUES ('19', 'Pickles', 'CORN,PARTIALLY HYDROGENATED SOYBEAN AND/OR', '19.07', '1', '66', '1', '4');
INSERT INTO "B00074902"."FOOD" (ID, FOOD_NAME, DESCRIPTION_TEXT, PRICE, MEAL_FOR_N_PEOPLE, QUANTITY_AVAILABLE, SPICE_LEVEL, DONOR_ID) VALUES ('20', 'English walnuts', 'Pistachios,Almonds,Cashews,Peanut and/or C', '38.94', '2', '46', '2', '5');
INSERT INTO "B00074902"."FOOD" (ID, FOOD_NAME, DESCRIPTION_TEXT, PRICE, MEAL_FOR_N_PEOPLE, QUANTITY_AVAILABLE, SPICE_LEVEL, DONOR_ID) VALUES ('21', 'Pate de foies-gras', 'Cooked Enriched Pasta (Water, Elbow Macaro', '99.77', '2', '44', '3', '14');
INSERT INTO "B00074902"."FOOD" (ID, FOOD_NAME, DESCRIPTION_TEXT, PRICE, MEAL_FOR_N_PEOPLE, QUANTITY_AVAILABLE, SPICE_LEVEL, DONOR_ID) VALUES ('22', 'Pomard', 'Cumin Ground', '59.91', '4', '73', '4', '13');
INSERT INTO "B00074902"."FOOD" (ID, FOOD_NAME, DESCRIPTION_TEXT, PRICE, MEAL_FOR_N_PEOPLE, QUANTITY_AVAILABLE, SPICE_LEVEL, DONOR_ID) VALUES ('23', 'Brook trout, mountai', 'Rolled Oats*,Cane Sugar*,Soy Oil*,Dried Co', '35.74', '4', '66', '2', '2');
INSERT INTO "B00074902"."FOOD" (ID, FOOD_NAME, DESCRIPTION_TEXT, PRICE, MEAL_FOR_N_PEOPLE, QUANTITY_AVAILABLE, SPICE_LEVEL, DONOR_ID) VALUES ('24', 'Whitebait, sauce tar', 'Garlic Powder', '62.9', '4', '64', '4', '5');
INSERT INTO "B00074902"."FOOD" (ID, FOOD_NAME, DESCRIPTION_TEXT, PRICE, MEAL_FOR_N_PEOPLE, QUANTITY_AVAILABLE, SPICE_LEVEL, DONOR_ID) VALUES ('25', 'Clams', 'Sugar,Brown Sugar,Natural Flavor,Caramel C', '18.35', '2', '39', '1', '15');
INSERT INTO "B00074902"."FOOD" (ID, FOOD_NAME, DESCRIPTION_TEXT, PRICE, MEAL_FOR_N_PEOPLE, QUANTITY_AVAILABLE, SPICE_LEVEL, DONOR_ID) VALUES ('26', 'Oysters', 'Garlic,Water,Citric Acid,Sodium Benzoate.', '22.84', '4', '70', '3', '7');
INSERT INTO "B00074902"."FOOD" (ID, FOOD_NAME, DESCRIPTION_TEXT, PRICE, MEAL_FOR_N_PEOPLE, QUANTITY_AVAILABLE, SPICE_LEVEL, DONOR_ID) VALUES ('27', 'Claremont planked sh', 'Salt,Monosodium,Glutamate,Sugar,Hydrolyzed', '82.07', '1', '50', '4', '8');
INSERT INTO "B00074902"."FOOD" (ID, FOOD_NAME, DESCRIPTION_TEXT, PRICE, MEAL_FOR_N_PEOPLE, QUANTITY_AVAILABLE, SPICE_LEVEL, DONOR_ID) VALUES ('28', 'G. H. Mumm & Co''s Ex', 'Chopped Oregano.', '27.59', '2', '60', '2', '9');
INSERT INTO "B00074902"."FOOD" (ID, FOOD_NAME, DESCRIPTION_TEXT, PRICE, MEAL_FOR_N_PEOPLE, QUANTITY_AVAILABLE, SPICE_LEVEL, DONOR_ID) VALUES ('29', 'Cerealine with Milk', 'Contains: Turmeric,Fenugreek,Coriander,Mus', '82.11', '2', '47', '3', '14');
INSERT INTO "B00074902"."FOOD" (ID, FOOD_NAME, DESCRIPTION_TEXT, PRICE, MEAL_FOR_N_PEOPLE, QUANTITY_AVAILABLE, SPICE_LEVEL, DONOR_ID) VALUES ('30', 'Sliced Bananas', 'Whole Oysters,Water,Salt.', '63.53', '4', '46', '4', '12');
INSERT INTO "B00074902"."FOOD" (ID, FOOD_NAME, DESCRIPTION_TEXT, PRICE, MEAL_FOR_N_PEOPLE, QUANTITY_AVAILABLE, SPICE_LEVEL, DONOR_ID) VALUES ('31', 'Wheat Vitos', 'Salt,Sugar,Spices,Including Paprika,Tumeri', '8.38', '3', '43', '2', '11');
INSERT INTO "B00074902"."FOOD" (ID, FOOD_NAME, DESCRIPTION_TEXT, PRICE, MEAL_FOR_N_PEOPLE, QUANTITY_AVAILABLE, SPICE_LEVEL, DONOR_ID) VALUES ('32', 'Sliced Tomatoes', 'Non Pareil Capers,Water,Salt and Vinegar.', '69.8', '1', '31', '4', '15');
INSERT INTO "B00074902"."FOOD" (ID, FOOD_NAME, DESCRIPTION_TEXT, PRICE, MEAL_FOR_N_PEOPLE, QUANTITY_AVAILABLE, SPICE_LEVEL, DONOR_ID) VALUES ('33', 'Russian Caviare on T', 'Almonds,Sugar,Cocoa Powder (processed with', '50.75', '1', '64', '1', '17');
INSERT INTO "B00074902"."FOOD" (ID, FOOD_NAME, DESCRIPTION_TEXT, PRICE, MEAL_FOR_N_PEOPLE, QUANTITY_AVAILABLE, SPICE_LEVEL, DONOR_ID) VALUES ('34', 'Smoked beef in cream', 'Enriched Flour (Bleached Wheat Flour, Malt', '36.84', '4', '74', '1', '5');
INSERT INTO "B00074902"."FOOD" (ID, FOOD_NAME, DESCRIPTION_TEXT, PRICE, MEAL_FOR_N_PEOPLE, QUANTITY_AVAILABLE, SPICE_LEVEL, DONOR_ID) VALUES ('35', 'Apple Sauce', 'Sour Cherry Juice,Sugar.', '64.73', '4', '65', '1', '11');
INSERT INTO "B00074902"."FOOD" (ID, FOOD_NAME, DESCRIPTION_TEXT, PRICE, MEAL_FOR_N_PEOPLE, QUANTITY_AVAILABLE, SPICE_LEVEL, DONOR_ID) VALUES ('36', 'Potage a la Victoria', 'Organic Wild Berries (Organic Blackberries', '45.09', '2', '52', '3', '9');
INSERT INTO "B00074902"."FOOD" (ID, FOOD_NAME, DESCRIPTION_TEXT, PRICE, MEAL_FOR_N_PEOPLE, QUANTITY_AVAILABLE, SPICE_LEVEL, DONOR_ID) VALUES ('37', 'Breakfast', 'Maltodextrin,Salt,Monosodium Glutamate,Deh', '52.48', '2', '40', '4', '6');
INSERT INTO "B00074902"."FOOD" (ID, FOOD_NAME, DESCRIPTION_TEXT, PRICE, MEAL_FOR_N_PEOPLE, QUANTITY_AVAILABLE, SPICE_LEVEL, DONOR_ID) VALUES ('38', 'Strawberries', 'Salt,Cornstarch,Monosodium Glutamate,Sugar', '91.45', '1', '30', '3', '7');
INSERT INTO "B00074902"."FOOD" (ID, FOOD_NAME, DESCRIPTION_TEXT, PRICE, MEAL_FOR_N_PEOPLE, QUANTITY_AVAILABLE, SPICE_LEVEL, DONOR_ID) VALUES ('39', 'Preserved figs', 'Water*,Orange Peel**,Maltodextrin* (Dietar', '98.01', '1', '61', '3', '11');
INSERT INTO "B00074902"."FOOD" (ID, FOOD_NAME, DESCRIPTION_TEXT, PRICE, MEAL_FOR_N_PEOPLE, QUANTITY_AVAILABLE, SPICE_LEVEL, DONOR_ID) VALUES ('40', 'BLUE POINTS', 'Brown Sugar,Sea Salt,Garlic,Spices (Includ', '8.39', '1', '69', '2', '14');
INSERT INTO "B00074902"."FOOD" (ID, FOOD_NAME, DESCRIPTION_TEXT, PRICE, MEAL_FOR_N_PEOPLE, QUANTITY_AVAILABLE, SPICE_LEVEL, DONOR_ID) VALUES ('41', 'CONSOMME ANGLAISE', 'Organic Potato Starch,Organic Corn Syrup S', '88.29', '1', '52', '3', '15');
INSERT INTO "B00074902"."FOOD" (ID, FOOD_NAME, DESCRIPTION_TEXT, PRICE, MEAL_FOR_N_PEOPLE, QUANTITY_AVAILABLE, SPICE_LEVEL, DONOR_ID) VALUES ('42', 'CREAM OF CAULIFLOWER', 'Water,Sugar,Coconut Oil,Sodium Caseinate (', '48.74', '2', '53', '2', '14');
INSERT INTO "B00074902"."FOOD" (ID, FOOD_NAME, DESCRIPTION_TEXT, PRICE, MEAL_FOR_N_PEOPLE, QUANTITY_AVAILABLE, SPICE_LEVEL, DONOR_ID) VALUES ('43', 'BROILED SHAD, A LA M', 'Sea Salt, Organic Garlic, Organic Onion, O', '20.36', '3', '32', '4', '9');
INSERT INTO "B00074902"."FOOD" (ID, FOOD_NAME, DESCRIPTION_TEXT, PRICE, MEAL_FOR_N_PEOPLE, QUANTITY_AVAILABLE, SPICE_LEVEL, DONOR_ID) VALUES ('44', 'SLICED CUCUMBERS', 'Enriched Flour (Wheat Flour, Niacin, Reduc', '26.05', '3', '57', '3', '4');
INSERT INTO "B00074902"."FOOD" (ID, FOOD_NAME, DESCRIPTION_TEXT, PRICE, MEAL_FOR_N_PEOPLE, QUANTITY_AVAILABLE, SPICE_LEVEL, DONOR_ID) VALUES ('45', 'SALTED ALMONDS', 'Water,Wheat Flour,Buckwheat Flour,Wheat Gl', '39.07', '3', '39', '4', '19');
INSERT INTO "B00074902"."FOOD" (ID, FOOD_NAME, DESCRIPTION_TEXT, PRICE, MEAL_FOR_N_PEOPLE, QUANTITY_AVAILABLE, SPICE_LEVEL, DONOR_ID) VALUES ('46', 'POTATOES, JULIEN', 'Aromatic And Bitingly Pungent,Coriander Is', '16.95', '1', '68', '4', '3');
INSERT INTO "B00074902"."FOOD" (ID, FOOD_NAME, DESCRIPTION_TEXT, PRICE, MEAL_FOR_N_PEOPLE, QUANTITY_AVAILABLE, SPICE_LEVEL, DONOR_ID) VALUES ('47', 'Cracked Wheat', 'Water*,Blackberries+,Maltodextrin* (Dietar', '66.85', '2', '74', '3', '6');
INSERT INTO "B00074902"."FOOD" (ID, FOOD_NAME, DESCRIPTION_TEXT, PRICE, MEAL_FOR_N_PEOPLE, QUANTITY_AVAILABLE, SPICE_LEVEL, DONOR_ID) VALUES ('48', 'Malt Breakfast Food', 'Sugar,Corn Syrup,Modified Food Starch,Cont', '50.74', '2', '39', '2', '16');
INSERT INTO "B00074902"."FOOD" (ID, FOOD_NAME, DESCRIPTION_TEXT, PRICE, MEAL_FOR_N_PEOPLE, QUANTITY_AVAILABLE, SPICE_LEVEL, DONOR_ID) VALUES ('49', 'BOILED BEEF TONGUE, ', 'Water,Whitefish,Pike,Matzo Meal (Passover ', '57.41', '2', '57', '2', '19');
INSERT INTO "B00074902"."FOOD" (ID, FOOD_NAME, DESCRIPTION_TEXT, PRICE, MEAL_FOR_N_PEOPLE, QUANTITY_AVAILABLE, SPICE_LEVEL, DONOR_ID) VALUES ('50', 'Young Onions', 'Sugar,Wheat Syrup,Strawberry Juice from Co', '10.75', '4', '66', '3', '3');
INSERT INTO "B00074902"."FOOD" (ID, FOOD_NAME, DESCRIPTION_TEXT, PRICE, MEAL_FOR_N_PEOPLE, QUANTITY_AVAILABLE, SPICE_LEVEL, DONOR_ID) VALUES ('51', 'Pears', 'Durum Flour (Wheat),Egg Yolks or Eggs,Niac', '23.98', '1', '69', '3', '12');
INSERT INTO "B00074902"."FOOD" (ID, FOOD_NAME, DESCRIPTION_TEXT, PRICE, MEAL_FOR_N_PEOPLE, QUANTITY_AVAILABLE, SPICE_LEVEL, DONOR_ID) VALUES ('52', 'ROAST SIRLOIN OF BEE', 'Oregano,Marjoram,Savory,Thyme,Basil,Rosema', '72.4', '2', '37', '2', '7');
INSERT INTO "B00074902"."FOOD" (ID, FOOD_NAME, DESCRIPTION_TEXT, PRICE, MEAL_FOR_N_PEOPLE, QUANTITY_AVAILABLE, SPICE_LEVEL, DONOR_ID) VALUES ('53', 'Huhnerbruhe', 'Natural Sesame Seed.', '11.49', '2', '64', '2', '10');
INSERT INTO "B00074902"."FOOD" (ID, FOOD_NAME, DESCRIPTION_TEXT, PRICE, MEAL_FOR_N_PEOPLE, QUANTITY_AVAILABLE, SPICE_LEVEL, DONOR_ID) VALUES ('54', 'ROAST EASTER LAMB, M', 'Strawberries*,Apple Juice*,Wild Strawberri', '54.11', '1', '68', '3', '18');
INSERT INTO "B00074902"."FOOD" (ID, FOOD_NAME, DESCRIPTION_TEXT, PRICE, MEAL_FOR_N_PEOPLE, QUANTITY_AVAILABLE, SPICE_LEVEL, DONOR_ID) VALUES ('55', 'Rockaways', '100 Natural Scottish-Style Porridge Oats.', '33.11', '3', '69', '2', '19');
INSERT INTO "B00074902"."FOOD" (ID, FOOD_NAME, DESCRIPTION_TEXT, PRICE, MEAL_FOR_N_PEOPLE, QUANTITY_AVAILABLE, SPICE_LEVEL, DONOR_ID) VALUES ('56', 'Hafergrutze', 'Water (Ingredients Not in Regular Preserve', '77.33', '3', '54', '2', '13');
INSERT INTO "B00074902"."FOOD" (ID, FOOD_NAME, DESCRIPTION_TEXT, PRICE, MEAL_FOR_N_PEOPLE, QUANTITY_AVAILABLE, SPICE_LEVEL, DONOR_ID) VALUES ('57', 'BROWNED POTATOES', 'Organic Texmati Rice.', '61.68', '4', '45', '4', '14');
INSERT INTO "B00074902"."FOOD" (ID, FOOD_NAME, DESCRIPTION_TEXT, PRICE, MEAL_FOR_N_PEOPLE, QUANTITY_AVAILABLE, SPICE_LEVEL, DONOR_ID) VALUES ('58', 'Pampelmuse', 'Whole Semolina From (Wheat),Niacin,Ferrous', '80.98', '2', '58', '3', '4');
INSERT INTO "B00074902"."FOOD" (ID, FOOD_NAME, DESCRIPTION_TEXT, PRICE, MEAL_FOR_N_PEOPLE, QUANTITY_AVAILABLE, SPICE_LEVEL, DONOR_ID) VALUES ('59', 'Apfelsinen', '100% Corn Flour,Water. This Product Is Pro', '43.5', '4', '62', '4', '12');
INSERT INTO "B00074902"."FOOD" (ID, FOOD_NAME, DESCRIPTION_TEXT, PRICE, MEAL_FOR_N_PEOPLE, QUANTITY_AVAILABLE, SPICE_LEVEL, DONOR_ID) VALUES ('60', 'Ananas', 'Soybean Sauce (Soy Bean, Corn, Wheat),Wate', '64.52', '3', '51', '1', '13');
INSERT INTO "B00074902"."FOOD" (ID, FOOD_NAME, DESCRIPTION_TEXT, PRICE, MEAL_FOR_N_PEOPLE, QUANTITY_AVAILABLE, SPICE_LEVEL, DONOR_ID) VALUES ('61', 'Milchreis', 'Salt,Spices (Including Coriander, Black Pe', '92.51', '1', '31', '4', '9');
INSERT INTO "B00074902"."FOOD" (ID, FOOD_NAME, DESCRIPTION_TEXT, PRICE, MEAL_FOR_N_PEOPLE, QUANTITY_AVAILABLE, SPICE_LEVEL, DONOR_ID) VALUES ('62', 'Grape fruit', 'Whole Black Pepper.', '90.16', '4', '63', '1', '16');
INSERT INTO "B00074902"."FOOD" (ID, FOOD_NAME, DESCRIPTION_TEXT, PRICE, MEAL_FOR_N_PEOPLE, QUANTITY_AVAILABLE, SPICE_LEVEL, DONOR_ID) VALUES ('63', 'Oranges', 'Juice Concentrates (Pear, Grape),Maltodext', '26.81', '1', '59', '4', '8');
INSERT INTO "B00074902"."FOOD" (ID, FOOD_NAME, DESCRIPTION_TEXT, PRICE, MEAL_FOR_N_PEOPLE, QUANTITY_AVAILABLE, SPICE_LEVEL, DONOR_ID) VALUES ('64', 'Clam Fritters', 'Cinnamon Is One Of The Oldest And Most Fla', '19.65', '4', '72', '3', '6');
INSERT INTO "B00074902"."FOOD" (ID, FOOD_NAME, DESCRIPTION_TEXT, PRICE, MEAL_FOR_N_PEOPLE, QUANTITY_AVAILABLE, SPICE_LEVEL, DONOR_ID) VALUES ('65', 'Filet v. Schildkrote', 'Salt,Galangal,Lemongrass,Sugar,Dextrose,Sh', '35.2', '1', '59', '3', '7');
INSERT INTO "B00074902"."FOOD" (ID, FOOD_NAME, DESCRIPTION_TEXT, PRICE, MEAL_FOR_N_PEOPLE, QUANTITY_AVAILABLE, SPICE_LEVEL, DONOR_ID) VALUES ('66', 'Bouillon, en Tasse', 'Chili Peppers,Granulated Onion,Spices,Salt', '98', '4', '72', '2', '2');
INSERT INTO "B00074902"."FOOD" (ID, FOOD_NAME, DESCRIPTION_TEXT, PRICE, MEAL_FOR_N_PEOPLE, QUANTITY_AVAILABLE, SPICE_LEVEL, DONOR_ID) VALUES ('67', 'Spargel Suppe', 'Blackberries,Sugar,Cane Sugar,Concentrated', '75.2', '2', '31', '2', '18');
INSERT INTO "B00074902"."FOOD" (ID, FOOD_NAME, DESCRIPTION_TEXT, PRICE, MEAL_FOR_N_PEOPLE, QUANTITY_AVAILABLE, SPICE_LEVEL, DONOR_ID) VALUES ('68', 'Kraftsuppe, koniglic', 'Hulled Pumpkin Seed.', '27.24', '3', '67', '2', '3');
INSERT INTO "B00074902"."FOOD" (ID, FOOD_NAME, DESCRIPTION_TEXT, PRICE, MEAL_FOR_N_PEOPLE, QUANTITY_AVAILABLE, SPICE_LEVEL, DONOR_ID) VALUES ('69', 'Rissoles a la Merril', 'Arbol Chili,Sulfites. Resealable bag,Arbol', '88.11', '4', '48', '3', '11');
INSERT INTO "B00074902"."FOOD" (ID, FOOD_NAME, DESCRIPTION_TEXT, PRICE, MEAL_FOR_N_PEOPLE, QUANTITY_AVAILABLE, SPICE_LEVEL, DONOR_ID) VALUES ('70', 'S. Julien', 'Water,Beets,Salt,Citric Acid,Sodium Saccha', '32.15', '1', '58', '4', '3');
INSERT INTO "B00074902"."FOOD" (ID, FOOD_NAME, DESCRIPTION_TEXT, PRICE, MEAL_FOR_N_PEOPLE, QUANTITY_AVAILABLE, SPICE_LEVEL, DONOR_ID) VALUES ('71', 'Chambertin', 'Cinnamon Ground', '59.76', '2', '41', '4', '15');
INSERT INTO "B00074902"."FOOD" (ID, FOOD_NAME, DESCRIPTION_TEXT, PRICE, MEAL_FOR_N_PEOPLE, QUANTITY_AVAILABLE, SPICE_LEVEL, DONOR_ID) VALUES ('72', 'St. Julien', 'Toasted Seaweed Sheets.', '67.9', '4', '60', '3', '12');
INSERT INTO "B00074902"."FOOD" (ID, FOOD_NAME, DESCRIPTION_TEXT, PRICE, MEAL_FOR_N_PEOPLE, QUANTITY_AVAILABLE, SPICE_LEVEL, DONOR_ID) VALUES ('73', 'Vegetable', 'Pequin Chili Pods', '37.26', '3', '49', '2', '10');
INSERT INTO "B00074902"."FOOD" (ID, FOOD_NAME, DESCRIPTION_TEXT, PRICE, MEAL_FOR_N_PEOPLE, QUANTITY_AVAILABLE, SPICE_LEVEL, DONOR_ID) VALUES ('74', 'Puree of split peas ', 'Quinoa,Dehydrated Vegetables (Carrot, Red ', '35.46', '2', '43', '3', '6');
INSERT INTO "B00074902"."FOOD" (ID, FOOD_NAME, DESCRIPTION_TEXT, PRICE, MEAL_FOR_N_PEOPLE, QUANTITY_AVAILABLE, SPICE_LEVEL, DONOR_ID) VALUES ('75', 'Consomme in cup', 'Celery Salt', '36.7', '4', '60', '4', '15');
INSERT INTO "B00074902"."FOOD" (ID, FOOD_NAME, DESCRIPTION_TEXT, PRICE, MEAL_FOR_N_PEOPLE, QUANTITY_AVAILABLE, SPICE_LEVEL, DONOR_ID) VALUES ('76', 'Broiled shad, Maitre', '100 Real Salt.', '85.58', '3', '49', '4', '2');
INSERT INTO "B00074902"."FOOD" (ID, FOOD_NAME, DESCRIPTION_TEXT, PRICE, MEAL_FOR_N_PEOPLE, QUANTITY_AVAILABLE, SPICE_LEVEL, DONOR_ID) VALUES ('77', 'Mashed potatoes', 'Ginger Was One Of The First Oriental Spice', '29.76', '4', '68', '3', '6');
INSERT INTO "B00074902"."FOOD" (ID, FOOD_NAME, DESCRIPTION_TEXT, PRICE, MEAL_FOR_N_PEOPLE, QUANTITY_AVAILABLE, SPICE_LEVEL, DONOR_ID) VALUES ('78', 'Breaded veal cutlet ', 'Grape (Juice And Concentrated Juice),Sugar', '71.47', '2', '53', '4', '11');
INSERT INTO "B00074902"."FOOD" (ID, FOOD_NAME, DESCRIPTION_TEXT, PRICE, MEAL_FOR_N_PEOPLE, QUANTITY_AVAILABLE, SPICE_LEVEL, DONOR_ID) VALUES ('79', 'Hind-quarter of spri', 'Chili Pepper and Other Spices,Salt and Gar', '96.92', '4', '59', '3', '3');
INSERT INTO "B00074902"."FOOD" (ID, FOOD_NAME, DESCRIPTION_TEXT, PRICE, MEAL_FOR_N_PEOPLE, QUANTITY_AVAILABLE, SPICE_LEVEL, DONOR_ID) VALUES ('80', 'Hot or cold ribs of ', 'Chunk White Tuna,Water,Vegetable Broth (Co', '90.61', '3', '73', '3', '6');
INSERT INTO "B00074902"."FOOD" (ID, FOOD_NAME, DESCRIPTION_TEXT, PRICE, MEAL_FOR_N_PEOPLE, QUANTITY_AVAILABLE, SPICE_LEVEL, DONOR_ID) VALUES ('81', 'Doucette salad', 'Cornstarch,Chili Pepper and Other Spices,M', '21.31', '3', '35', '4', '10');
INSERT INTO "B00074902"."FOOD" (ID, FOOD_NAME, DESCRIPTION_TEXT, PRICE, MEAL_FOR_N_PEOPLE, QUANTITY_AVAILABLE, SPICE_LEVEL, DONOR_ID) VALUES ('82', 'New beets', 'Garlic,Soybean Oil,Alessi Extra Virgin Oli', '95.35', '4', '34', '2', '10');
INSERT INTO "B00074902"."FOOD" (ID, FOOD_NAME, DESCRIPTION_TEXT, PRICE, MEAL_FOR_N_PEOPLE, QUANTITY_AVAILABLE, SPICE_LEVEL, DONOR_ID) VALUES ('83', 'Salisbury steak au c', 'Peanuts And Salt. Contains Peanut Ingredie', '12.18', '2', '66', '4', '17');
INSERT INTO "B00074902"."FOOD" (ID, FOOD_NAME, DESCRIPTION_TEXT, PRICE, MEAL_FOR_N_PEOPLE, QUANTITY_AVAILABLE, SPICE_LEVEL, DONOR_ID) VALUES ('84', 'Boiled rice', 'Juice Concentrates (Pear, Grape, Pineapple', '49.85', '1', '42', '3', '14');
INSERT INTO "B00074902"."FOOD" (ID, FOOD_NAME, DESCRIPTION_TEXT, PRICE, MEAL_FOR_N_PEOPLE, QUANTITY_AVAILABLE, SPICE_LEVEL, DONOR_ID) VALUES ('85', 'Stewed oyster plant', 'Chicken Stock,Salt Flavorings,Chicken Fat,', '65.21', '4', '66', '3', '16');
INSERT INTO "B00074902"."FOOD" (ID, FOOD_NAME, DESCRIPTION_TEXT, PRICE, MEAL_FOR_N_PEOPLE, QUANTITY_AVAILABLE, SPICE_LEVEL, DONOR_ID) VALUES ('86', 'Boiled onions, cream', 'Garlic,Sunflower Oil,and Parsley.', '73.67', '2', '34', '1', '2');
INSERT INTO "B00074902"."FOOD" (ID, FOOD_NAME, DESCRIPTION_TEXT, PRICE, MEAL_FOR_N_PEOPLE, QUANTITY_AVAILABLE, SPICE_LEVEL, DONOR_ID) VALUES ('87', 'Old fashioned rice p', 'Reduced Fat Milk,Sugar,Rice,Contains Less ', '48.79', '3', '45', '2', '3');
INSERT INTO "B00074902"."FOOD" (ID, FOOD_NAME, DESCRIPTION_TEXT, PRICE, MEAL_FOR_N_PEOPLE, QUANTITY_AVAILABLE, SPICE_LEVEL, DONOR_ID) VALUES ('88', 'Ice cream', 'Chamomile. Renowned for its natural sedati', '53.67', '2', '37', '2', '3');
INSERT INTO "B00074902"."FOOD" (ID, FOOD_NAME, DESCRIPTION_TEXT, PRICE, MEAL_FOR_N_PEOPLE, QUANTITY_AVAILABLE, SPICE_LEVEL, DONOR_ID) VALUES ('89', 'Coffee', 'Shelled Pumpkin Seeds,Crushed Tomato,Granu', '69.86', '1', '60', '3', '6');
INSERT INTO "B00074902"."FOOD" (ID, FOOD_NAME, DESCRIPTION_TEXT, PRICE, MEAL_FOR_N_PEOPLE, QUANTITY_AVAILABLE, SPICE_LEVEL, DONOR_ID) VALUES ('90', 'Tea', 'Ground Cinnamon.', '36.81', '2', '46', '4', '12');
INSERT INTO "B00074902"."FOOD" (ID, FOOD_NAME, DESCRIPTION_TEXT, PRICE, MEAL_FOR_N_PEOPLE, QUANTITY_AVAILABLE, SPICE_LEVEL, DONOR_ID) VALUES ('91', 'Milk', 'Organic Evaporated Cane Juice,Organic Brow', '44.11', '4', '69', '2', '13');
INSERT INTO "B00074902"."FOOD" (ID, FOOD_NAME, DESCRIPTION_TEXT, PRICE, MEAL_FOR_N_PEOPLE, QUANTITY_AVAILABLE, SPICE_LEVEL, DONOR_ID) VALUES ('92', 'Mush', 'Beef,Water,Corn Syrup,Contains Less Than 2', '87.45', '4', '39', '4', '18');
INSERT INTO "B00074902"."FOOD" (ID, FOOD_NAME, DESCRIPTION_TEXT, PRICE, MEAL_FOR_N_PEOPLE, QUANTITY_AVAILABLE, SPICE_LEVEL, DONOR_ID) VALUES ('93', 'Rolled Oats', 'Paprika,Less Than 2 Silicon Dioxide To Pre', '25.99', '3', '31', '4', '13');
INSERT INTO "B00074902"."FOOD" (ID, FOOD_NAME, DESCRIPTION_TEXT, PRICE, MEAL_FOR_N_PEOPLE, QUANTITY_AVAILABLE, SPICE_LEVEL, DONOR_ID) VALUES ('94', 'Small Hominy', 'Isomalt,Citric Acid,Natural And Artificial', '97.55', '2', '72', '2', '2');
INSERT INTO "B00074902"."FOOD" (ID, FOOD_NAME, DESCRIPTION_TEXT, PRICE, MEAL_FOR_N_PEOPLE, QUANTITY_AVAILABLE, SPICE_LEVEL, DONOR_ID) VALUES ('95', 'Broiled Mackerel', 'Caraway Seed', '47.11', '1', '64', '2', '8');
INSERT INTO "B00074902"."FOOD" (ID, FOOD_NAME, DESCRIPTION_TEXT, PRICE, MEAL_FOR_N_PEOPLE, QUANTITY_AVAILABLE, SPICE_LEVEL, DONOR_ID) VALUES ('96', 'Kippered Herring', 'Water,Green Jalapeno Pepper,Salt,Acetic Ac', '40.91', '4', '63', '1', '16');
INSERT INTO "B00074902"."FOOD" (ID, FOOD_NAME, DESCRIPTION_TEXT, PRICE, MEAL_FOR_N_PEOPLE, QUANTITY_AVAILABLE, SPICE_LEVEL, DONOR_ID) VALUES ('97', 'Strawberries with cr', 'Annato seed', '72.16', '4', '57', '3', '14');
INSERT INTO "B00074902"."FOOD" (ID, FOOD_NAME, DESCRIPTION_TEXT, PRICE, MEAL_FOR_N_PEOPLE, QUANTITY_AVAILABLE, SPICE_LEVEL, DONOR_ID) VALUES ('98', 'Compote of fruits', 'Fresh Steamed Chickpeas,Sesame Tahini,Wate', '87.77', '1', '55', '1', '13');
INSERT INTO "B00074902"."FOOD" (ID, FOOD_NAME, DESCRIPTION_TEXT, PRICE, MEAL_FOR_N_PEOPLE, QUANTITY_AVAILABLE, SPICE_LEVEL, DONOR_ID) VALUES ('99', 'Orange marmalade', 'Himalayan Pink Salt.', '60.25', '3', '53', '4', '1');
INSERT INTO "B00074902"."FOOD" (ID, FOOD_NAME, DESCRIPTION_TEXT, PRICE, MEAL_FOR_N_PEOPLE, QUANTITY_AVAILABLE, SPICE_LEVEL, DONOR_ID) VALUES ('100', 'Baked apples with cr', 'Damson Plum,Sugar,Cane Sugar,Concentrated ', '54.23', '2', '63', '1', '8');

----------------------------------------------------------------- Map Food MealType  -----------------------------------------------------------------

INSERT INTO "B00074902"."MAP_FOOD_MEAL_TYPE" (ID, FOOD_ID, MEAL_TYPE_ID) VALUES ('1', '1', '3');
INSERT INTO "B00074902"."MAP_FOOD_MEAL_TYPE" (ID, FOOD_ID, MEAL_TYPE_ID) VALUES ('2', '2', '2');
INSERT INTO "B00074902"."MAP_FOOD_MEAL_TYPE" (ID, FOOD_ID, MEAL_TYPE_ID) VALUES ('3', '3', '3');
INSERT INTO "B00074902"."MAP_FOOD_MEAL_TYPE" (ID, FOOD_ID, MEAL_TYPE_ID) VALUES ('4', '4', '2');
INSERT INTO "B00074902"."MAP_FOOD_MEAL_TYPE" (ID, FOOD_ID, MEAL_TYPE_ID) VALUES ('5', '5', '3');
INSERT INTO "B00074902"."MAP_FOOD_MEAL_TYPE" (ID, FOOD_ID, MEAL_TYPE_ID) VALUES ('6', '6', '5');
INSERT INTO "B00074902"."MAP_FOOD_MEAL_TYPE" (ID, FOOD_ID, MEAL_TYPE_ID) VALUES ('7', '7', '5');
INSERT INTO "B00074902"."MAP_FOOD_MEAL_TYPE" (ID, FOOD_ID, MEAL_TYPE_ID) VALUES ('8', '8', '3');
INSERT INTO "B00074902"."MAP_FOOD_MEAL_TYPE" (ID, FOOD_ID, MEAL_TYPE_ID) VALUES ('9', '9', '3');
INSERT INTO "B00074902"."MAP_FOOD_MEAL_TYPE" (ID, FOOD_ID, MEAL_TYPE_ID) VALUES ('10', '10', '4');
INSERT INTO "B00074902"."MAP_FOOD_MEAL_TYPE" (ID, FOOD_ID, MEAL_TYPE_ID) VALUES ('11', '11', '5');
INSERT INTO "B00074902"."MAP_FOOD_MEAL_TYPE" (ID, FOOD_ID, MEAL_TYPE_ID) VALUES ('12', '12', '2');
INSERT INTO "B00074902"."MAP_FOOD_MEAL_TYPE" (ID, FOOD_ID, MEAL_TYPE_ID) VALUES ('13', '13', '5');
INSERT INTO "B00074902"."MAP_FOOD_MEAL_TYPE" (ID, FOOD_ID, MEAL_TYPE_ID) VALUES ('14', '14', '1');
INSERT INTO "B00074902"."MAP_FOOD_MEAL_TYPE" (ID, FOOD_ID, MEAL_TYPE_ID) VALUES ('15', '15', '1');
INSERT INTO "B00074902"."MAP_FOOD_MEAL_TYPE" (ID, FOOD_ID, MEAL_TYPE_ID) VALUES ('16', '16', '5');
INSERT INTO "B00074902"."MAP_FOOD_MEAL_TYPE" (ID, FOOD_ID, MEAL_TYPE_ID) VALUES ('17', '17', '4');
INSERT INTO "B00074902"."MAP_FOOD_MEAL_TYPE" (ID, FOOD_ID, MEAL_TYPE_ID) VALUES ('18', '18', '1');
INSERT INTO "B00074902"."MAP_FOOD_MEAL_TYPE" (ID, FOOD_ID, MEAL_TYPE_ID) VALUES ('19', '19', '2');
INSERT INTO "B00074902"."MAP_FOOD_MEAL_TYPE" (ID, FOOD_ID, MEAL_TYPE_ID) VALUES ('20', '20', '4');
INSERT INTO "B00074902"."MAP_FOOD_MEAL_TYPE" (ID, FOOD_ID, MEAL_TYPE_ID) VALUES ('21', '21', '3');
INSERT INTO "B00074902"."MAP_FOOD_MEAL_TYPE" (ID, FOOD_ID, MEAL_TYPE_ID) VALUES ('22', '22', '1');
INSERT INTO "B00074902"."MAP_FOOD_MEAL_TYPE" (ID, FOOD_ID, MEAL_TYPE_ID) VALUES ('23', '23', '4');
INSERT INTO "B00074902"."MAP_FOOD_MEAL_TYPE" (ID, FOOD_ID, MEAL_TYPE_ID) VALUES ('24', '24', '1');
INSERT INTO "B00074902"."MAP_FOOD_MEAL_TYPE" (ID, FOOD_ID, MEAL_TYPE_ID) VALUES ('25', '25', '2');
INSERT INTO "B00074902"."MAP_FOOD_MEAL_TYPE" (ID, FOOD_ID, MEAL_TYPE_ID) VALUES ('26', '26', '5');
INSERT INTO "B00074902"."MAP_FOOD_MEAL_TYPE" (ID, FOOD_ID, MEAL_TYPE_ID) VALUES ('27', '27', '2');
INSERT INTO "B00074902"."MAP_FOOD_MEAL_TYPE" (ID, FOOD_ID, MEAL_TYPE_ID) VALUES ('28', '28', '5');
INSERT INTO "B00074902"."MAP_FOOD_MEAL_TYPE" (ID, FOOD_ID, MEAL_TYPE_ID) VALUES ('29', '29', '2');
INSERT INTO "B00074902"."MAP_FOOD_MEAL_TYPE" (ID, FOOD_ID, MEAL_TYPE_ID) VALUES ('30', '30', '3');
INSERT INTO "B00074902"."MAP_FOOD_MEAL_TYPE" (ID, FOOD_ID, MEAL_TYPE_ID) VALUES ('31', '31', '1');
INSERT INTO "B00074902"."MAP_FOOD_MEAL_TYPE" (ID, FOOD_ID, MEAL_TYPE_ID) VALUES ('32', '32', '5');
INSERT INTO "B00074902"."MAP_FOOD_MEAL_TYPE" (ID, FOOD_ID, MEAL_TYPE_ID) VALUES ('33', '33', '4');
INSERT INTO "B00074902"."MAP_FOOD_MEAL_TYPE" (ID, FOOD_ID, MEAL_TYPE_ID) VALUES ('34', '34', '3');
INSERT INTO "B00074902"."MAP_FOOD_MEAL_TYPE" (ID, FOOD_ID, MEAL_TYPE_ID) VALUES ('35', '35', '2');
INSERT INTO "B00074902"."MAP_FOOD_MEAL_TYPE" (ID, FOOD_ID, MEAL_TYPE_ID) VALUES ('36', '36', '5');
INSERT INTO "B00074902"."MAP_FOOD_MEAL_TYPE" (ID, FOOD_ID, MEAL_TYPE_ID) VALUES ('37', '37', '1');
INSERT INTO "B00074902"."MAP_FOOD_MEAL_TYPE" (ID, FOOD_ID, MEAL_TYPE_ID) VALUES ('38', '38', '4');
INSERT INTO "B00074902"."MAP_FOOD_MEAL_TYPE" (ID, FOOD_ID, MEAL_TYPE_ID) VALUES ('39', '39', '2');
INSERT INTO "B00074902"."MAP_FOOD_MEAL_TYPE" (ID, FOOD_ID, MEAL_TYPE_ID) VALUES ('40', '40', '3');
INSERT INTO "B00074902"."MAP_FOOD_MEAL_TYPE" (ID, FOOD_ID, MEAL_TYPE_ID) VALUES ('41', '41', '1');
INSERT INTO "B00074902"."MAP_FOOD_MEAL_TYPE" (ID, FOOD_ID, MEAL_TYPE_ID) VALUES ('42', '42', '3');
INSERT INTO "B00074902"."MAP_FOOD_MEAL_TYPE" (ID, FOOD_ID, MEAL_TYPE_ID) VALUES ('43', '43', '4');
INSERT INTO "B00074902"."MAP_FOOD_MEAL_TYPE" (ID, FOOD_ID, MEAL_TYPE_ID) VALUES ('44', '44', '3');
INSERT INTO "B00074902"."MAP_FOOD_MEAL_TYPE" (ID, FOOD_ID, MEAL_TYPE_ID) VALUES ('45', '45', '4');
INSERT INTO "B00074902"."MAP_FOOD_MEAL_TYPE" (ID, FOOD_ID, MEAL_TYPE_ID) VALUES ('46', '46', '5');
INSERT INTO "B00074902"."MAP_FOOD_MEAL_TYPE" (ID, FOOD_ID, MEAL_TYPE_ID) VALUES ('47', '47', '3');
INSERT INTO "B00074902"."MAP_FOOD_MEAL_TYPE" (ID, FOOD_ID, MEAL_TYPE_ID) VALUES ('48', '48', '5');
INSERT INTO "B00074902"."MAP_FOOD_MEAL_TYPE" (ID, FOOD_ID, MEAL_TYPE_ID) VALUES ('49', '49', '3');
INSERT INTO "B00074902"."MAP_FOOD_MEAL_TYPE" (ID, FOOD_ID, MEAL_TYPE_ID) VALUES ('50', '50', '1');
INSERT INTO "B00074902"."MAP_FOOD_MEAL_TYPE" (ID, FOOD_ID, MEAL_TYPE_ID) VALUES ('51', '51', '4');
INSERT INTO "B00074902"."MAP_FOOD_MEAL_TYPE" (ID, FOOD_ID, MEAL_TYPE_ID) VALUES ('52', '52', '3');
INSERT INTO "B00074902"."MAP_FOOD_MEAL_TYPE" (ID, FOOD_ID, MEAL_TYPE_ID) VALUES ('53', '53', '3');
INSERT INTO "B00074902"."MAP_FOOD_MEAL_TYPE" (ID, FOOD_ID, MEAL_TYPE_ID) VALUES ('54', '54', '1');
INSERT INTO "B00074902"."MAP_FOOD_MEAL_TYPE" (ID, FOOD_ID, MEAL_TYPE_ID) VALUES ('55', '55', '4');
INSERT INTO "B00074902"."MAP_FOOD_MEAL_TYPE" (ID, FOOD_ID, MEAL_TYPE_ID) VALUES ('56', '56', '2');
INSERT INTO "B00074902"."MAP_FOOD_MEAL_TYPE" (ID, FOOD_ID, MEAL_TYPE_ID) VALUES ('57', '57', '5');
INSERT INTO "B00074902"."MAP_FOOD_MEAL_TYPE" (ID, FOOD_ID, MEAL_TYPE_ID) VALUES ('58', '58', '5');
INSERT INTO "B00074902"."MAP_FOOD_MEAL_TYPE" (ID, FOOD_ID, MEAL_TYPE_ID) VALUES ('59', '59', '4');
INSERT INTO "B00074902"."MAP_FOOD_MEAL_TYPE" (ID, FOOD_ID, MEAL_TYPE_ID) VALUES ('60', '60', '3');
INSERT INTO "B00074902"."MAP_FOOD_MEAL_TYPE" (ID, FOOD_ID, MEAL_TYPE_ID) VALUES ('61', '61', '3');
INSERT INTO "B00074902"."MAP_FOOD_MEAL_TYPE" (ID, FOOD_ID, MEAL_TYPE_ID) VALUES ('62', '62', '5');
INSERT INTO "B00074902"."MAP_FOOD_MEAL_TYPE" (ID, FOOD_ID, MEAL_TYPE_ID) VALUES ('63', '63', '3');
INSERT INTO "B00074902"."MAP_FOOD_MEAL_TYPE" (ID, FOOD_ID, MEAL_TYPE_ID) VALUES ('64', '64', '4');
INSERT INTO "B00074902"."MAP_FOOD_MEAL_TYPE" (ID, FOOD_ID, MEAL_TYPE_ID) VALUES ('65', '65', '4');
INSERT INTO "B00074902"."MAP_FOOD_MEAL_TYPE" (ID, FOOD_ID, MEAL_TYPE_ID) VALUES ('66', '66', '4');
INSERT INTO "B00074902"."MAP_FOOD_MEAL_TYPE" (ID, FOOD_ID, MEAL_TYPE_ID) VALUES ('67', '67', '2');
INSERT INTO "B00074902"."MAP_FOOD_MEAL_TYPE" (ID, FOOD_ID, MEAL_TYPE_ID) VALUES ('68', '68', '2');
INSERT INTO "B00074902"."MAP_FOOD_MEAL_TYPE" (ID, FOOD_ID, MEAL_TYPE_ID) VALUES ('69', '69', '5');
INSERT INTO "B00074902"."MAP_FOOD_MEAL_TYPE" (ID, FOOD_ID, MEAL_TYPE_ID) VALUES ('70', '70', '3');
INSERT INTO "B00074902"."MAP_FOOD_MEAL_TYPE" (ID, FOOD_ID, MEAL_TYPE_ID) VALUES ('71', '71', '3');
INSERT INTO "B00074902"."MAP_FOOD_MEAL_TYPE" (ID, FOOD_ID, MEAL_TYPE_ID) VALUES ('72', '72', '2');
INSERT INTO "B00074902"."MAP_FOOD_MEAL_TYPE" (ID, FOOD_ID, MEAL_TYPE_ID) VALUES ('73', '73', '5');
INSERT INTO "B00074902"."MAP_FOOD_MEAL_TYPE" (ID, FOOD_ID, MEAL_TYPE_ID) VALUES ('74', '74', '1');
INSERT INTO "B00074902"."MAP_FOOD_MEAL_TYPE" (ID, FOOD_ID, MEAL_TYPE_ID) VALUES ('75', '75', '3');
INSERT INTO "B00074902"."MAP_FOOD_MEAL_TYPE" (ID, FOOD_ID, MEAL_TYPE_ID) VALUES ('76', '76', '1');
INSERT INTO "B00074902"."MAP_FOOD_MEAL_TYPE" (ID, FOOD_ID, MEAL_TYPE_ID) VALUES ('77', '77', '3');
INSERT INTO "B00074902"."MAP_FOOD_MEAL_TYPE" (ID, FOOD_ID, MEAL_TYPE_ID) VALUES ('78', '78', '1');
INSERT INTO "B00074902"."MAP_FOOD_MEAL_TYPE" (ID, FOOD_ID, MEAL_TYPE_ID) VALUES ('79', '79', '1');
INSERT INTO "B00074902"."MAP_FOOD_MEAL_TYPE" (ID, FOOD_ID, MEAL_TYPE_ID) VALUES ('80', '80', '4');
INSERT INTO "B00074902"."MAP_FOOD_MEAL_TYPE" (ID, FOOD_ID, MEAL_TYPE_ID) VALUES ('81', '81', '4');
INSERT INTO "B00074902"."MAP_FOOD_MEAL_TYPE" (ID, FOOD_ID, MEAL_TYPE_ID) VALUES ('82', '82', '5');
INSERT INTO "B00074902"."MAP_FOOD_MEAL_TYPE" (ID, FOOD_ID, MEAL_TYPE_ID) VALUES ('83', '83', '3');
INSERT INTO "B00074902"."MAP_FOOD_MEAL_TYPE" (ID, FOOD_ID, MEAL_TYPE_ID) VALUES ('84', '84', '5');
INSERT INTO "B00074902"."MAP_FOOD_MEAL_TYPE" (ID, FOOD_ID, MEAL_TYPE_ID) VALUES ('85', '85', '3');
INSERT INTO "B00074902"."MAP_FOOD_MEAL_TYPE" (ID, FOOD_ID, MEAL_TYPE_ID) VALUES ('86', '86', '2');
INSERT INTO "B00074902"."MAP_FOOD_MEAL_TYPE" (ID, FOOD_ID, MEAL_TYPE_ID) VALUES ('87', '87', '4');
INSERT INTO "B00074902"."MAP_FOOD_MEAL_TYPE" (ID, FOOD_ID, MEAL_TYPE_ID) VALUES ('88', '88', '5');
INSERT INTO "B00074902"."MAP_FOOD_MEAL_TYPE" (ID, FOOD_ID, MEAL_TYPE_ID) VALUES ('89', '89', '5');
INSERT INTO "B00074902"."MAP_FOOD_MEAL_TYPE" (ID, FOOD_ID, MEAL_TYPE_ID) VALUES ('90', '90', '1');
INSERT INTO "B00074902"."MAP_FOOD_MEAL_TYPE" (ID, FOOD_ID, MEAL_TYPE_ID) VALUES ('91', '91', '1');
INSERT INTO "B00074902"."MAP_FOOD_MEAL_TYPE" (ID, FOOD_ID, MEAL_TYPE_ID) VALUES ('92', '92', '2');
INSERT INTO "B00074902"."MAP_FOOD_MEAL_TYPE" (ID, FOOD_ID, MEAL_TYPE_ID) VALUES ('93', '93', '2');
INSERT INTO "B00074902"."MAP_FOOD_MEAL_TYPE" (ID, FOOD_ID, MEAL_TYPE_ID) VALUES ('94', '94', '4');
INSERT INTO "B00074902"."MAP_FOOD_MEAL_TYPE" (ID, FOOD_ID, MEAL_TYPE_ID) VALUES ('95', '95', '4');
INSERT INTO "B00074902"."MAP_FOOD_MEAL_TYPE" (ID, FOOD_ID, MEAL_TYPE_ID) VALUES ('96', '96', '2');
INSERT INTO "B00074902"."MAP_FOOD_MEAL_TYPE" (ID, FOOD_ID, MEAL_TYPE_ID) VALUES ('97', '97', '1');
INSERT INTO "B00074902"."MAP_FOOD_MEAL_TYPE" (ID, FOOD_ID, MEAL_TYPE_ID) VALUES ('98', '98', '2');
INSERT INTO "B00074902"."MAP_FOOD_MEAL_TYPE" (ID, FOOD_ID, MEAL_TYPE_ID) VALUES ('99', '99', '5');
INSERT INTO "B00074902"."MAP_FOOD_MEAL_TYPE" (ID, FOOD_ID, MEAL_TYPE_ID) VALUES ('100', '100', '3');

-----------------------------------------------------------------  Map Food Cuisine  -----------------------------------------------------------------

INSERT INTO "B00074902"."MAP_FOOD_CUISINE" (ID, FOOD_ID, CUISINE_ID) VALUES ('1', '1', '3');
INSERT INTO "B00074902"."MAP_FOOD_CUISINE" (ID, FOOD_ID, CUISINE_ID) VALUES ('2', '2', '19');
INSERT INTO "B00074902"."MAP_FOOD_CUISINE" (ID, FOOD_ID, CUISINE_ID) VALUES ('3', '3', '10');
INSERT INTO "B00074902"."MAP_FOOD_CUISINE" (ID, FOOD_ID, CUISINE_ID) VALUES ('4', '4', '1');
INSERT INTO "B00074902"."MAP_FOOD_CUISINE" (ID, FOOD_ID, CUISINE_ID) VALUES ('5', '5', '5');
INSERT INTO "B00074902"."MAP_FOOD_CUISINE" (ID, FOOD_ID, CUISINE_ID) VALUES ('6', '6', '18');
INSERT INTO "B00074902"."MAP_FOOD_CUISINE" (ID, FOOD_ID, CUISINE_ID) VALUES ('7', '7', '11');
INSERT INTO "B00074902"."MAP_FOOD_CUISINE" (ID, FOOD_ID, CUISINE_ID) VALUES ('8', '8', '9');
INSERT INTO "B00074902"."MAP_FOOD_CUISINE" (ID, FOOD_ID, CUISINE_ID) VALUES ('9', '9', '2');
INSERT INTO "B00074902"."MAP_FOOD_CUISINE" (ID, FOOD_ID, CUISINE_ID) VALUES ('10', '10', '2');
INSERT INTO "B00074902"."MAP_FOOD_CUISINE" (ID, FOOD_ID, CUISINE_ID) VALUES ('11', '11', '10');
INSERT INTO "B00074902"."MAP_FOOD_CUISINE" (ID, FOOD_ID, CUISINE_ID) VALUES ('12', '12', '2');
INSERT INTO "B00074902"."MAP_FOOD_CUISINE" (ID, FOOD_ID, CUISINE_ID) VALUES ('13', '13', '5');
INSERT INTO "B00074902"."MAP_FOOD_CUISINE" (ID, FOOD_ID, CUISINE_ID) VALUES ('14', '14', '6');
INSERT INTO "B00074902"."MAP_FOOD_CUISINE" (ID, FOOD_ID, CUISINE_ID) VALUES ('15', '15', '4');
INSERT INTO "B00074902"."MAP_FOOD_CUISINE" (ID, FOOD_ID, CUISINE_ID) VALUES ('16', '16', '9');
INSERT INTO "B00074902"."MAP_FOOD_CUISINE" (ID, FOOD_ID, CUISINE_ID) VALUES ('17', '17', '1');
INSERT INTO "B00074902"."MAP_FOOD_CUISINE" (ID, FOOD_ID, CUISINE_ID) VALUES ('18', '18', '7');
INSERT INTO "B00074902"."MAP_FOOD_CUISINE" (ID, FOOD_ID, CUISINE_ID) VALUES ('19', '19', '18');
INSERT INTO "B00074902"."MAP_FOOD_CUISINE" (ID, FOOD_ID, CUISINE_ID) VALUES ('20', '20', '1');
INSERT INTO "B00074902"."MAP_FOOD_CUISINE" (ID, FOOD_ID, CUISINE_ID) VALUES ('21', '21', '11');
INSERT INTO "B00074902"."MAP_FOOD_CUISINE" (ID, FOOD_ID, CUISINE_ID) VALUES ('22', '22', '14');
INSERT INTO "B00074902"."MAP_FOOD_CUISINE" (ID, FOOD_ID, CUISINE_ID) VALUES ('23', '23', '17');
INSERT INTO "B00074902"."MAP_FOOD_CUISINE" (ID, FOOD_ID, CUISINE_ID) VALUES ('24', '24', '2');
INSERT INTO "B00074902"."MAP_FOOD_CUISINE" (ID, FOOD_ID, CUISINE_ID) VALUES ('25', '25', '3');
INSERT INTO "B00074902"."MAP_FOOD_CUISINE" (ID, FOOD_ID, CUISINE_ID) VALUES ('26', '26', '9');
INSERT INTO "B00074902"."MAP_FOOD_CUISINE" (ID, FOOD_ID, CUISINE_ID) VALUES ('27', '27', '18');
INSERT INTO "B00074902"."MAP_FOOD_CUISINE" (ID, FOOD_ID, CUISINE_ID) VALUES ('28', '28', '6');
INSERT INTO "B00074902"."MAP_FOOD_CUISINE" (ID, FOOD_ID, CUISINE_ID) VALUES ('29', '29', '12');
INSERT INTO "B00074902"."MAP_FOOD_CUISINE" (ID, FOOD_ID, CUISINE_ID) VALUES ('30', '30', '4');
INSERT INTO "B00074902"."MAP_FOOD_CUISINE" (ID, FOOD_ID, CUISINE_ID) VALUES ('31', '31', '15');
INSERT INTO "B00074902"."MAP_FOOD_CUISINE" (ID, FOOD_ID, CUISINE_ID) VALUES ('32', '32', '3');
INSERT INTO "B00074902"."MAP_FOOD_CUISINE" (ID, FOOD_ID, CUISINE_ID) VALUES ('33', '33', '2');
INSERT INTO "B00074902"."MAP_FOOD_CUISINE" (ID, FOOD_ID, CUISINE_ID) VALUES ('34', '34', '18');
INSERT INTO "B00074902"."MAP_FOOD_CUISINE" (ID, FOOD_ID, CUISINE_ID) VALUES ('35', '35', '6');
INSERT INTO "B00074902"."MAP_FOOD_CUISINE" (ID, FOOD_ID, CUISINE_ID) VALUES ('36', '36', '2');
INSERT INTO "B00074902"."MAP_FOOD_CUISINE" (ID, FOOD_ID, CUISINE_ID) VALUES ('37', '37', '9');
INSERT INTO "B00074902"."MAP_FOOD_CUISINE" (ID, FOOD_ID, CUISINE_ID) VALUES ('38', '38', '7');
INSERT INTO "B00074902"."MAP_FOOD_CUISINE" (ID, FOOD_ID, CUISINE_ID) VALUES ('39', '39', '5');
INSERT INTO "B00074902"."MAP_FOOD_CUISINE" (ID, FOOD_ID, CUISINE_ID) VALUES ('40', '40', '17');
INSERT INTO "B00074902"."MAP_FOOD_CUISINE" (ID, FOOD_ID, CUISINE_ID) VALUES ('41', '41', '8');
INSERT INTO "B00074902"."MAP_FOOD_CUISINE" (ID, FOOD_ID, CUISINE_ID) VALUES ('42', '42', '4');
INSERT INTO "B00074902"."MAP_FOOD_CUISINE" (ID, FOOD_ID, CUISINE_ID) VALUES ('43', '43', '16');
INSERT INTO "B00074902"."MAP_FOOD_CUISINE" (ID, FOOD_ID, CUISINE_ID) VALUES ('44', '44', '13');
INSERT INTO "B00074902"."MAP_FOOD_CUISINE" (ID, FOOD_ID, CUISINE_ID) VALUES ('45', '45', '7');
INSERT INTO "B00074902"."MAP_FOOD_CUISINE" (ID, FOOD_ID, CUISINE_ID) VALUES ('46', '46', '18');
INSERT INTO "B00074902"."MAP_FOOD_CUISINE" (ID, FOOD_ID, CUISINE_ID) VALUES ('47', '47', '3');
INSERT INTO "B00074902"."MAP_FOOD_CUISINE" (ID, FOOD_ID, CUISINE_ID) VALUES ('48', '48', '19');
INSERT INTO "B00074902"."MAP_FOOD_CUISINE" (ID, FOOD_ID, CUISINE_ID) VALUES ('49', '49', '18');
INSERT INTO "B00074902"."MAP_FOOD_CUISINE" (ID, FOOD_ID, CUISINE_ID) VALUES ('50', '50', '5');
INSERT INTO "B00074902"."MAP_FOOD_CUISINE" (ID, FOOD_ID, CUISINE_ID) VALUES ('51', '51', '2');
INSERT INTO "B00074902"."MAP_FOOD_CUISINE" (ID, FOOD_ID, CUISINE_ID) VALUES ('52', '52', '7');
INSERT INTO "B00074902"."MAP_FOOD_CUISINE" (ID, FOOD_ID, CUISINE_ID) VALUES ('53', '53', '15');
INSERT INTO "B00074902"."MAP_FOOD_CUISINE" (ID, FOOD_ID, CUISINE_ID) VALUES ('54', '54', '19');
INSERT INTO "B00074902"."MAP_FOOD_CUISINE" (ID, FOOD_ID, CUISINE_ID) VALUES ('55', '55', '6');
INSERT INTO "B00074902"."MAP_FOOD_CUISINE" (ID, FOOD_ID, CUISINE_ID) VALUES ('56', '56', '9');
INSERT INTO "B00074902"."MAP_FOOD_CUISINE" (ID, FOOD_ID, CUISINE_ID) VALUES ('57', '57', '7');
INSERT INTO "B00074902"."MAP_FOOD_CUISINE" (ID, FOOD_ID, CUISINE_ID) VALUES ('58', '58', '7');
INSERT INTO "B00074902"."MAP_FOOD_CUISINE" (ID, FOOD_ID, CUISINE_ID) VALUES ('59', '59', '13');
INSERT INTO "B00074902"."MAP_FOOD_CUISINE" (ID, FOOD_ID, CUISINE_ID) VALUES ('60', '60', '5');
INSERT INTO "B00074902"."MAP_FOOD_CUISINE" (ID, FOOD_ID, CUISINE_ID) VALUES ('61', '61', '8');
INSERT INTO "B00074902"."MAP_FOOD_CUISINE" (ID, FOOD_ID, CUISINE_ID) VALUES ('62', '62', '6');
INSERT INTO "B00074902"."MAP_FOOD_CUISINE" (ID, FOOD_ID, CUISINE_ID) VALUES ('63', '63', '2');
INSERT INTO "B00074902"."MAP_FOOD_CUISINE" (ID, FOOD_ID, CUISINE_ID) VALUES ('64', '64', '6');
INSERT INTO "B00074902"."MAP_FOOD_CUISINE" (ID, FOOD_ID, CUISINE_ID) VALUES ('65', '65', '11');
INSERT INTO "B00074902"."MAP_FOOD_CUISINE" (ID, FOOD_ID, CUISINE_ID) VALUES ('66', '66', '9');
INSERT INTO "B00074902"."MAP_FOOD_CUISINE" (ID, FOOD_ID, CUISINE_ID) VALUES ('67', '67', '8');
INSERT INTO "B00074902"."MAP_FOOD_CUISINE" (ID, FOOD_ID, CUISINE_ID) VALUES ('68', '68', '19');
INSERT INTO "B00074902"."MAP_FOOD_CUISINE" (ID, FOOD_ID, CUISINE_ID) VALUES ('69', '69', '15');
INSERT INTO "B00074902"."MAP_FOOD_CUISINE" (ID, FOOD_ID, CUISINE_ID) VALUES ('70', '70', '7');
INSERT INTO "B00074902"."MAP_FOOD_CUISINE" (ID, FOOD_ID, CUISINE_ID) VALUES ('71', '71', '12');
INSERT INTO "B00074902"."MAP_FOOD_CUISINE" (ID, FOOD_ID, CUISINE_ID) VALUES ('72', '72', '9');
INSERT INTO "B00074902"."MAP_FOOD_CUISINE" (ID, FOOD_ID, CUISINE_ID) VALUES ('73', '73', '7');
INSERT INTO "B00074902"."MAP_FOOD_CUISINE" (ID, FOOD_ID, CUISINE_ID) VALUES ('74', '74', '5');
INSERT INTO "B00074902"."MAP_FOOD_CUISINE" (ID, FOOD_ID, CUISINE_ID) VALUES ('75', '75', '1');
INSERT INTO "B00074902"."MAP_FOOD_CUISINE" (ID, FOOD_ID, CUISINE_ID) VALUES ('76', '76', '1');
INSERT INTO "B00074902"."MAP_FOOD_CUISINE" (ID, FOOD_ID, CUISINE_ID) VALUES ('77', '77', '14');
INSERT INTO "B00074902"."MAP_FOOD_CUISINE" (ID, FOOD_ID, CUISINE_ID) VALUES ('78', '78', '12');
INSERT INTO "B00074902"."MAP_FOOD_CUISINE" (ID, FOOD_ID, CUISINE_ID) VALUES ('79', '79', '3');
INSERT INTO "B00074902"."MAP_FOOD_CUISINE" (ID, FOOD_ID, CUISINE_ID) VALUES ('80', '80', '19');
INSERT INTO "B00074902"."MAP_FOOD_CUISINE" (ID, FOOD_ID, CUISINE_ID) VALUES ('81', '81', '4');
INSERT INTO "B00074902"."MAP_FOOD_CUISINE" (ID, FOOD_ID, CUISINE_ID) VALUES ('82', '82', '7');
INSERT INTO "B00074902"."MAP_FOOD_CUISINE" (ID, FOOD_ID, CUISINE_ID) VALUES ('83', '83', '12');
INSERT INTO "B00074902"."MAP_FOOD_CUISINE" (ID, FOOD_ID, CUISINE_ID) VALUES ('84', '84', '12');
INSERT INTO "B00074902"."MAP_FOOD_CUISINE" (ID, FOOD_ID, CUISINE_ID) VALUES ('85', '85', '9');
INSERT INTO "B00074902"."MAP_FOOD_CUISINE" (ID, FOOD_ID, CUISINE_ID) VALUES ('86', '86', '12');
INSERT INTO "B00074902"."MAP_FOOD_CUISINE" (ID, FOOD_ID, CUISINE_ID) VALUES ('87', '87', '5');
INSERT INTO "B00074902"."MAP_FOOD_CUISINE" (ID, FOOD_ID, CUISINE_ID) VALUES ('88', '88', '16');
INSERT INTO "B00074902"."MAP_FOOD_CUISINE" (ID, FOOD_ID, CUISINE_ID) VALUES ('89', '89', '19');
INSERT INTO "B00074902"."MAP_FOOD_CUISINE" (ID, FOOD_ID, CUISINE_ID) VALUES ('90', '90', '11');
INSERT INTO "B00074902"."MAP_FOOD_CUISINE" (ID, FOOD_ID, CUISINE_ID) VALUES ('91', '91', '1');
INSERT INTO "B00074902"."MAP_FOOD_CUISINE" (ID, FOOD_ID, CUISINE_ID) VALUES ('92', '92', '9');
INSERT INTO "B00074902"."MAP_FOOD_CUISINE" (ID, FOOD_ID, CUISINE_ID) VALUES ('93', '93', '17');
INSERT INTO "B00074902"."MAP_FOOD_CUISINE" (ID, FOOD_ID, CUISINE_ID) VALUES ('94', '94', '7');
INSERT INTO "B00074902"."MAP_FOOD_CUISINE" (ID, FOOD_ID, CUISINE_ID) VALUES ('95', '95', '9');
INSERT INTO "B00074902"."MAP_FOOD_CUISINE" (ID, FOOD_ID, CUISINE_ID) VALUES ('96', '96', '7');
INSERT INTO "B00074902"."MAP_FOOD_CUISINE" (ID, FOOD_ID, CUISINE_ID) VALUES ('97', '97', '16');
INSERT INTO "B00074902"."MAP_FOOD_CUISINE" (ID, FOOD_ID, CUISINE_ID) VALUES ('98', '98', '18');
INSERT INTO "B00074902"."MAP_FOOD_CUISINE" (ID, FOOD_ID, CUISINE_ID) VALUES ('99', '99', '13');
INSERT INTO "B00074902"."MAP_FOOD_CUISINE" (ID, FOOD_ID, CUISINE_ID) VALUES ('100', '100', '7');

------------------------------------------------------------------  Map Food Allergen  -----------------------------------------------------------------  

INSERT INTO "B00074902"."MAP_FOOD_ALLERGEN" (ID, FOOD_ID, ALLERGEN_ID) VALUES ('1', '67', '3');
INSERT INTO "B00074902"."MAP_FOOD_ALLERGEN" (ID, FOOD_ID, ALLERGEN_ID) VALUES ('2', '39', '6');
INSERT INTO "B00074902"."MAP_FOOD_ALLERGEN" (ID, FOOD_ID, ALLERGEN_ID) VALUES ('3', '37', '5');
INSERT INTO "B00074902"."MAP_FOOD_ALLERGEN" (ID, FOOD_ID, ALLERGEN_ID) VALUES ('4', '61', '2');
INSERT INTO "B00074902"."MAP_FOOD_ALLERGEN" (ID, FOOD_ID, ALLERGEN_ID) VALUES ('5', '18', '3');
INSERT INTO "B00074902"."MAP_FOOD_ALLERGEN" (ID, FOOD_ID, ALLERGEN_ID) VALUES ('6', '45', '1');
INSERT INTO "B00074902"."MAP_FOOD_ALLERGEN" (ID, FOOD_ID, ALLERGEN_ID) VALUES ('7', '11', '1');
INSERT INTO "B00074902"."MAP_FOOD_ALLERGEN" (ID, FOOD_ID, ALLERGEN_ID) VALUES ('8', '79', '5');
INSERT INTO "B00074902"."MAP_FOOD_ALLERGEN" (ID, FOOD_ID, ALLERGEN_ID) VALUES ('9', '97', '6');
INSERT INTO "B00074902"."MAP_FOOD_ALLERGEN" (ID, FOOD_ID, ALLERGEN_ID) VALUES ('10', '56', '6');
INSERT INTO "B00074902"."MAP_FOOD_ALLERGEN" (ID, FOOD_ID, ALLERGEN_ID) VALUES ('11', '54', '3');
INSERT INTO "B00074902"."MAP_FOOD_ALLERGEN" (ID, FOOD_ID, ALLERGEN_ID) VALUES ('12', '71', '6');
INSERT INTO "B00074902"."MAP_FOOD_ALLERGEN" (ID, FOOD_ID, ALLERGEN_ID) VALUES ('13', '90', '4');
INSERT INTO "B00074902"."MAP_FOOD_ALLERGEN" (ID, FOOD_ID, ALLERGEN_ID) VALUES ('14', '8', '5');
INSERT INTO "B00074902"."MAP_FOOD_ALLERGEN" (ID, FOOD_ID, ALLERGEN_ID) VALUES ('15', '42', '5');
INSERT INTO "B00074902"."MAP_FOOD_ALLERGEN" (ID, FOOD_ID, ALLERGEN_ID) VALUES ('16', '62', '3');
INSERT INTO "B00074902"."MAP_FOOD_ALLERGEN" (ID, FOOD_ID, ALLERGEN_ID) VALUES ('17', '10', '1');
INSERT INTO "B00074902"."MAP_FOOD_ALLERGEN" (ID, FOOD_ID, ALLERGEN_ID) VALUES ('18', '85', '1');
INSERT INTO "B00074902"."MAP_FOOD_ALLERGEN" (ID, FOOD_ID, ALLERGEN_ID) VALUES ('19', '22', '3');
INSERT INTO "B00074902"."MAP_FOOD_ALLERGEN" (ID, FOOD_ID, ALLERGEN_ID) VALUES ('20', '92', '4');
INSERT INTO "B00074902"."MAP_FOOD_ALLERGEN" (ID, FOOD_ID, ALLERGEN_ID) VALUES ('21', '16', '2');

---------------------------------------------------------------------------------------------------------------------------------------------
-----------------------------------------------------------------  Request  -----------------------------------------------------------------

INSERT INTO "B00074902"."REQUEST" (ID, DONOR_ID, DONEE_ID, FINAL_PRICE, DISCOUNT_APPLIED, REQUEST_TIME, IS_ACTIVE) VALUES ('1', '18', '15', '173.28', '55.5', TO_TIMESTAMP('2020-03-09 17:41:32.038000000', 'YYYY-MM-DD HH24:MI:SS.FF'), 'Y');
INSERT INTO "B00074902"."REQUEST" (ID, DONOR_ID, DONEE_ID, FINAL_PRICE, DISCOUNT_APPLIED, REQUEST_TIME, IS_ACTIVE) VALUES ('2', '6', '2', '170.46', '20.6', TO_TIMESTAMP('2020-03-09 17:41:32.038000000', 'YYYY-MM-DD HH24:MI:SS.FF'), 'N');
INSERT INTO "B00074902"."REQUEST" (ID, DONOR_ID, DONEE_ID, FINAL_PRICE, DISCOUNT_APPLIED, REQUEST_TIME, IS_ACTIVE) VALUES ('3', '4', '17', '158.14', '1.3', TO_TIMESTAMP('2020-03-09 17:41:32.038000000', 'YYYY-MM-DD HH24:MI:SS.FF'), 'N');
INSERT INTO "B00074902"."REQUEST" (ID, DONOR_ID, DONEE_ID, FINAL_PRICE, DISCOUNT_APPLIED, REQUEST_TIME, IS_ACTIVE) VALUES ('4', '2', '11', '96.32', '51.1', TO_TIMESTAMP('2020-03-09 17:41:32.038000000', 'YYYY-MM-DD HH24:MI:SS.FF'), 'Y');
INSERT INTO "B00074902"."REQUEST" (ID, DONOR_ID, DONEE_ID, FINAL_PRICE, DISCOUNT_APPLIED, REQUEST_TIME, IS_ACTIVE) VALUES ('5', '17', '4', '117.6', '48.6', TO_TIMESTAMP('2020-03-09 17:41:32.038000000', 'YYYY-MM-DD HH24:MI:SS.FF'), 'N');
INSERT INTO "B00074902"."REQUEST" (ID, DONOR_ID, DONEE_ID, FINAL_PRICE, DISCOUNT_APPLIED, REQUEST_TIME, IS_ACTIVE) VALUES ('6', '14', '3', '177.08', '59.8', TO_TIMESTAMP('2020-03-09 17:41:32.038000000', 'YYYY-MM-DD HH24:MI:SS.FF'), 'Y');
INSERT INTO "B00074902"."REQUEST" (ID, DONOR_ID, DONEE_ID, FINAL_PRICE, DISCOUNT_APPLIED, REQUEST_TIME, IS_ACTIVE) VALUES ('7', '11', '1', '119.87', '79', TO_TIMESTAMP('2020-03-09 17:41:32.038000000', 'YYYY-MM-DD HH24:MI:SS.FF'), 'Y');
INSERT INTO "B00074902"."REQUEST" (ID, DONOR_ID, DONEE_ID, FINAL_PRICE, DISCOUNT_APPLIED, REQUEST_TIME, IS_ACTIVE) VALUES ('8', '15', '19', '98.97', '50.5', TO_TIMESTAMP('2020-03-09 17:41:32.038000000', 'YYYY-MM-DD HH24:MI:SS.FF'), 'N');
INSERT INTO "B00074902"."REQUEST" (ID, DONOR_ID, DONEE_ID, FINAL_PRICE, DISCOUNT_APPLIED, REQUEST_TIME, IS_ACTIVE) VALUES ('9', '3', '13', '192.69', '7.5', TO_TIMESTAMP('2020-03-09 17:41:32.038000000', 'YYYY-MM-DD HH24:MI:SS.FF'), 'Y');
INSERT INTO "B00074902"."REQUEST" (ID, DONOR_ID, DONEE_ID, FINAL_PRICE, DISCOUNT_APPLIED, REQUEST_TIME, IS_ACTIVE) VALUES ('10', '16', '9', '92.8', '47.2', TO_TIMESTAMP('2020-03-09 17:41:32.038000000', 'YYYY-MM-DD HH24:MI:SS.FF'), 'Y');
