-----------------------------------------------------------------  Person  -----------------------------------------------------------------  
INSERT INTO "B00074902"."PERSON" (ID, USERNAME, PASSWORD_HASH, PASSWORD_SALT) VALUES ('1', 'AnnitaRosinski', 'fbd0c71db0af10a9b60549bded720c06', '12079314335e5a3589d5585');
INSERT INTO "B00074902"."PERSON" (ID, USERNAME, PASSWORD_HASH, PASSWORD_SALT) VALUES ('2', 'CamilaRawls', 'd9e4d9f25ddb19b1fa85efc77d77431f', '16788250185e5a3589d55c3');
INSERT INTO "B00074902"."PERSON" (ID, USERNAME, PASSWORD_HASH, PASSWORD_SALT) VALUES ('3', 'PetraOlds', '9a48bebbdfccae929b7844b9f8a3f469', '4305116105e5a3589d55fe');
INSERT INTO "B00074902"."PERSON" (ID, USERNAME, PASSWORD_HASH, PASSWORD_SALT) VALUES ('4', 'GeorgettaDopp', '871f0688f4e886d15f1cb2c03fd7cb47', '116288065e5a3589d5638');
INSERT INTO "B00074902"."PERSON" (ID, USERNAME, PASSWORD_HASH, PASSWORD_SALT) VALUES ('5', 'JeniseLongerbeam', '6d02149960798054d608148c357588f4', '16676126715e5a3589d5672');

INSERT INTO "B00074902"."PERSON" (ID, USERNAME, PASSWORD_HASH, PASSWORD_SALT) VALUES ('21', 'LucreciaSchieber', '19ba13a7e9ac2d876b337230dce74b66', '16702204125e5a3589d5a12');
INSERT INTO "B00074902"."PERSON" (ID, USERNAME, PASSWORD_HASH, PASSWORD_SALT) VALUES ('22', 'MN - El Pollo Rico #10', 'ed2b708fbb932cb9921cdabc16f2e3d0', '7925495785e5a3589d5a4b');
INSERT INTO "B00074902"."PERSON" (ID, USERNAME, PASSWORD_HASH, PASSWORD_SALT) VALUES ('23', 'Yager Food Store', 'd9cebea78b025029ee5be7305212b6df', '12774051815e5a3589d5a85');
INSERT INTO "B00074902"."PERSON" (ID, USERNAME, PASSWORD_HASH, PASSWORD_SALT) VALUES ('24', 'Verdes Grill', '55b09d426e89ec6bcf39763a55f523e7', '9304625765e5a3589d5ac0');
INSERT INTO "B00074902"."PERSON" (ID, USERNAME, PASSWORD_HASH, PASSWORD_SALT) VALUES ('25', 'Sonic', '839954a155a2757591372168f63c4fd6', '359436635e5a3589d5afa');

INSERT INTO "B00074902"."PERSON" (ID, USERNAME, PASSWORD_HASH, PASSWORD_SALT) VALUES ('30', 'Jeremy', '839954a155a2757591372168f63c4fd6', '359436635e5a3589d5afa');

-----------------------------------------------------------------  Map Person Role -----------------------------------------------------------------

INSERT INTO "B00074902"."MAP_PERSON_ROLE" (PERSON_ID, ROLE_ID) VALUES ('1', '3');
INSERT INTO "B00074902"."MAP_PERSON_ROLE" (PERSON_ID, ROLE_ID) VALUES ('2', '3');
INSERT INTO "B00074902"."MAP_PERSON_ROLE" (PERSON_ID, ROLE_ID) VALUES ('3', '3');
INSERT INTO "B00074902"."MAP_PERSON_ROLE" (PERSON_ID, ROLE_ID) VALUES ('4', '3');
INSERT INTO "B00074902"."MAP_PERSON_ROLE" (PERSON_ID, ROLE_ID) VALUES ('5', '3');

INSERT INTO "B00074902"."MAP_PERSON_ROLE" (PERSON_ID, ROLE_ID) VALUES ('21', '2');
INSERT INTO "B00074902"."MAP_PERSON_ROLE" (PERSON_ID, ROLE_ID) VALUES ('22', '2');
INSERT INTO "B00074902"."MAP_PERSON_ROLE" (PERSON_ID, ROLE_ID) VALUES ('23', '2');
INSERT INTO "B00074902"."MAP_PERSON_ROLE" (PERSON_ID, ROLE_ID) VALUES ('24', '2');
INSERT INTO "B00074902"."MAP_PERSON_ROLE" (PERSON_ID, ROLE_ID) VALUES ('25', '2');

INSERT INTO "B00074902"."MAP_PERSON_ROLE" (PERSON_ID, ROLE_ID) VALUES ('30', '1');

-------------------------------------------------------------------------------------------------------------------------------------------
-----------------------------------------------------------------  Broker  -----------------------------------------------------------------

INSERT INTO "B00074902"."BROKER" (ID) VALUES ('30');

-------------------------------------------------------------------------------------------------------------------------------------------
-----------------------------------------------------------------  Donee  -----------------------------------------------------------------  

INSERT INTO "B00074902"."DONEE" (ID, DONEE_NAME, PHONE_NUMBER, EMAIL, ADDRESS_DESCRIPTION, CITY, COUNTRY, DONEE_STATUS_ID, DONEE_TYPE_ID, MEMBER_COUNT, QUANTITY_REQUESTED) VALUES ('1', 'Annita Rosinski', '(691) 696-7074', 'slanglois@verizon.net', 'Windbeach, Jackson Street', 'Pascoag', 'Quatar', '1', '1', '47', '52');
INSERT INTO "B00074902"."DONEE" (ID, DONEE_NAME, PHONE_NUMBER, EMAIL, ADDRESS_DESCRIPTION, CITY, COUNTRY, DONEE_STATUS_ID, DONEE_TYPE_ID, MEMBER_COUNT, QUANTITY_REQUESTED) VALUES ('2', 'Camila Rawls', '(969) 597-6979', 'jimxugle@verizon.net', 'Faywater, Lincoln Street', 'El Portal', 'UAE', '2', '2', '71', '9');
INSERT INTO "B00074902"."DONEE" (ID, DONEE_NAME, PHONE_NUMBER, EMAIL, ADDRESS_DESCRIPTION, CITY, COUNTRY, DONEE_STATUS_ID, DONEE_TYPE_ID, MEMBER_COUNT, QUANTITY_REQUESTED) VALUES ('3', 'Petra Olds', '(648) 446-8603', 'quinn@gmail.com', 'Ashhedge, York Street', 'Red Mills', 'UAE', '1', '2', '91', '23');
INSERT INTO "B00074902"."DONEE" (ID, DONEE_NAME, PHONE_NUMBER, EMAIL, ADDRESS_DESCRIPTION, CITY, COUNTRY, DONEE_STATUS_ID, DONEE_TYPE_ID, MEMBER_COUNT, QUANTITY_REQUESTED) VALUES ('4', 'Georgetta Dopp', '(963) 381-7121', 'monopole@outlook.com', 'Beechley, Cypress Court', 'Little Ferry', 'Bahrain', '2', '1', '88', '49');
INSERT INTO "B00074902"."DONEE" (ID, DONEE_NAME, PHONE_NUMBER, EMAIL, ADDRESS_DESCRIPTION, CITY, COUNTRY, DONEE_STATUS_ID, DONEE_TYPE_ID, MEMBER_COUNT, QUANTITY_REQUESTED) VALUES ('5', 'Jenise Longerbeam', '(457) 346-9130', 'bruck@mac.com', 'Fallbarrow, Mulberry Lane', 'Lost Creek', 'SaudiArabia', '2', '1', '38', '80');

-----------------------------------------------------------------  Donee Spice Range  -----------------------------------------------------------------  

INSERT INTO "B00074902"."DONEE_SPICE_RANGE" (DONEE_ID, START_LEVEL, END_LEVEL) VALUES ('1', 'No_Spice', 'Extra_Hot');
INSERT INTO "B00074902"."DONEE_SPICE_RANGE" (DONEE_ID, START_LEVEL, END_LEVEL) VALUES ('2', 'Medium_Spice', 'Hot');
INSERT INTO "B00074902"."DONEE_SPICE_RANGE" (DONEE_ID, START_LEVEL, END_LEVEL) VALUES ('3', 'No_Spice', 'Medium_Spice');
INSERT INTO "B00074902"."DONEE_SPICE_RANGE" (DONEE_ID, START_LEVEL, END_LEVEL) VALUES ('4', 'Medium_Spice', 'Extra_Hot');
INSERT INTO "B00074902"."DONEE_SPICE_RANGE" (DONEE_ID, START_LEVEL, END_LEVEL) VALUES ('5', 'Mild_Spice', 'Hot');

-----------------------------------------------------------------  Donee Price Range  -----------------------------------------------------------------

INSERT INTO "B00074902"."DONEE_PRICE_RANGE" (DONEE_ID, START_PRICE, END_PRICE) VALUES ('1', '6563', '9296');
INSERT INTO "B00074902"."DONEE_PRICE_RANGE" (DONEE_ID, START_PRICE, END_PRICE) VALUES ('2', '5923', '9203');
INSERT INTO "B00074902"."DONEE_PRICE_RANGE" (DONEE_ID, START_PRICE, END_PRICE) VALUES ('3', '5521', '9182');
INSERT INTO "B00074902"."DONEE_PRICE_RANGE" (DONEE_ID, START_PRICE, END_PRICE) VALUES ('4', '6956', '9496');
INSERT INTO "B00074902"."DONEE_PRICE_RANGE" (DONEE_ID, START_PRICE, END_PRICE) VALUES ('5', '5564', '7503');

-----------------------------------------------------------------  Map Donee Allergen  -----------------------------------------------------------------

INSERT INTO "B00074902"."MAP_DONEE_ALLERGEN" (DONEE_ID, ALLERGEN_ID) VALUES ('1', 'Dairy');
INSERT INTO "B00074902"."MAP_DONEE_ALLERGEN" (DONEE_ID, ALLERGEN_ID) VALUES ('1', 'SeaFood');
INSERT INTO "B00074902"."MAP_DONEE_ALLERGEN" (DONEE_ID, ALLERGEN_ID) VALUES ('3', 'Wheat');
INSERT INTO "B00074902"."MAP_DONEE_ALLERGEN" (DONEE_ID, ALLERGEN_ID) VALUES ('4', 'Dairy');
INSERT INTO "B00074902"."MAP_DONEE_ALLERGEN" (DONEE_ID, ALLERGEN_ID) VALUES ('4', 'SeaFood');
INSERT INTO "B00074902"."MAP_DONEE_ALLERGEN" (DONEE_ID, ALLERGEN_ID) VALUES ('4', 'Glutten');
INSERT INTO "B00074902"."MAP_DONEE_ALLERGEN" (DONEE_ID, ALLERGEN_ID) VALUES ('4', 'Soybeans');
INSERT INTO "B00074902"."MAP_DONEE_ALLERGEN" (DONEE_ID, ALLERGEN_ID) VALUES ('5', 'Glutten');
INSERT INTO "B00074902"."MAP_DONEE_ALLERGEN" (DONEE_ID, ALLERGEN_ID) VALUES ('5', 'Soybeans');
INSERT INTO "B00074902"."MAP_DONEE_ALLERGEN" (DONEE_ID, ALLERGEN_ID) VALUES ('5', 'Nuts');

-----------------------------------------------------------------  Map Donee MealType  -----------------------------------------------------------------

INSERT INTO "B00074902"."MAP_DONEE_MEAL_TYPE" (DONEE_ID, MEAL_TYPE_ID) VALUES ('1', 'Vegan');
INSERT INTO "B00074902"."MAP_DONEE_MEAL_TYPE" (DONEE_ID, MEAL_TYPE_ID) VALUES ('1', 'Vegetarian');
INSERT INTO "B00074902"."MAP_DONEE_MEAL_TYPE" (DONEE_ID, MEAL_TYPE_ID) VALUES ('1', 'RedMeat');
INSERT INTO "B00074902"."MAP_DONEE_MEAL_TYPE" (DONEE_ID, MEAL_TYPE_ID) VALUES ('2', 'RedMeat');
INSERT INTO "B00074902"."MAP_DONEE_MEAL_TYPE" (DONEE_ID, MEAL_TYPE_ID) VALUES ('3', 'Vegan');
INSERT INTO "B00074902"."MAP_DONEE_MEAL_TYPE" (DONEE_ID, MEAL_TYPE_ID) VALUES ('3', 'Chicken');
INSERT INTO "B00074902"."MAP_DONEE_MEAL_TYPE" (DONEE_ID, MEAL_TYPE_ID) VALUES ('3', 'Vegetarian');
INSERT INTO "B00074902"."MAP_DONEE_MEAL_TYPE" (DONEE_ID, MEAL_TYPE_ID) VALUES ('4', 'RedMeat');
INSERT INTO "B00074902"."MAP_DONEE_MEAL_TYPE" (DONEE_ID, MEAL_TYPE_ID) VALUES ('4', 'Seafood');
INSERT INTO "B00074902"."MAP_DONEE_MEAL_TYPE" (DONEE_ID, MEAL_TYPE_ID) VALUES ('4', 'Vegan');
INSERT INTO "B00074902"."MAP_DONEE_MEAL_TYPE" (DONEE_ID, MEAL_TYPE_ID) VALUES ('5', 'Seafood');
INSERT INTO "B00074902"."MAP_DONEE_MEAL_TYPE" (DONEE_ID, MEAL_TYPE_ID) VALUES ('5', 'RedMeat');
INSERT INTO "B00074902"."MAP_DONEE_MEAL_TYPE" (DONEE_ID, MEAL_TYPE_ID) VALUES ('5', 'Chicken');

-----------------------------------------------------------------  Map Donee Cuisine  -----------------------------------------------------------------

INSERT INTO "B00074902"."MAP_DONEE_CUISINE" (DONEE_ID, CUISINE_ID) VALUES ('1', 'Spanish');
INSERT INTO "B00074902"."MAP_DONEE_CUISINE" (DONEE_ID, CUISINE_ID) VALUES ('1', 'Indian');
INSERT INTO "B00074902"."MAP_DONEE_CUISINE" (DONEE_ID, CUISINE_ID) VALUES ('1', 'Thai');
INSERT INTO "B00074902"."MAP_DONEE_CUISINE" (DONEE_ID, CUISINE_ID) VALUES ('1', 'Mongolian');
INSERT INTO "B00074902"."MAP_DONEE_CUISINE" (DONEE_ID, CUISINE_ID) VALUES ('2', 'Arab');
INSERT INTO "B00074902"."MAP_DONEE_CUISINE" (DONEE_ID, CUISINE_ID) VALUES ('2', 'Indian');
INSERT INTO "B00074902"."MAP_DONEE_CUISINE" (DONEE_ID, CUISINE_ID) VALUES ('2', 'Portugal');
INSERT INTO "B00074902"."MAP_DONEE_CUISINE" (DONEE_ID, CUISINE_ID) VALUES ('3', 'Arab');
INSERT INTO "B00074902"."MAP_DONEE_CUISINE" (DONEE_ID, CUISINE_ID) VALUES ('3', 'Chinese');
INSERT INTO "B00074902"."MAP_DONEE_CUISINE" (DONEE_ID, CUISINE_ID) VALUES ('3', 'Greek');
INSERT INTO "B00074902"."MAP_DONEE_CUISINE" (DONEE_ID, CUISINE_ID) VALUES ('3', 'Mexican');
INSERT INTO "B00074902"."MAP_DONEE_CUISINE" (DONEE_ID, CUISINE_ID) VALUES ('4', 'NoPreference');
INSERT INTO "B00074902"."MAP_DONEE_CUISINE" (DONEE_ID, CUISINE_ID) VALUES ('5', 'Hawaain');
INSERT INTO "B00074902"."MAP_DONEE_CUISINE" (DONEE_ID, CUISINE_ID) VALUES ('5', 'Indian');
INSERT INTO "B00074902"."MAP_DONEE_CUISINE" (DONEE_ID, CUISINE_ID) VALUES ('5', 'Chinese');

-------------------------------------------------------------------------------------------------------------------------------------------
-----------------------------------------------------------------  Donor  -----------------------------------------------------------------  

INSERT INTO "B00074902"."DONOR" (ID, DONOR_NAME, PHONE_NUMBER, EMAIL, ADDRESS_DESCRIPTION, CITY, COUNTRY, RATING, NUMBER_OF_RATING, DONOR_STATUS_ID) VALUES ('21', 'Quick & Go', '(691) 696-7074', 'zeller@me.com', 'Bylyn , Clay Street', 'Red Mills', 'Oman', '5', '3', '4');
INSERT INTO "B00074902"."DONOR" (ID, DONOR_NAME, PHONE_NUMBER, EMAIL, ADDRESS_DESCRIPTION, CITY, COUNTRY, RATING, NUMBER_OF_RATING, DONOR_STATUS_ID) VALUES ('22', 'MN - El Pollo Rico #10', '(969) 597-6979', 'fairbank@mac.com', 'Bybeech , Hawthorne Avenue', 'Little Ferry', 'Bahrain', '0', '3', '4');
INSERT INTO "B00074902"."DONOR" (ID, DONOR_NAME, PHONE_NUMBER, EMAIL, ADDRESS_DESCRIPTION, CITY, COUNTRY, RATING, NUMBER_OF_RATING, DONOR_STATUS_ID) VALUES ('23', 'Yager Food Store', '(648) 446-8603', 'tbmaddux@optonline.net', 'Valbeach , Highland Avenue', 'Lost Creek', 'Oman', '2', '2', '4');
INSERT INTO "B00074902"."DONOR" (ID, DONOR_NAME, PHONE_NUMBER, EMAIL, ADDRESS_DESCRIPTION, CITY, COUNTRY, RATING, NUMBER_OF_RATING, DONOR_STATUS_ID) VALUES ('24', 'Verdes Grill', '(963) 381-7121', 'treeves@msn.com', 'Beachbourne , State Street', 'Webbers Falls', 'UAE', '5', '2', '4');
INSERT INTO "B00074902"."DONOR" (ID, DONOR_NAME, PHONE_NUMBER, EMAIL, ADDRESS_DESCRIPTION, CITY, COUNTRY, RATING, NUMBER_OF_RATING, DONOR_STATUS_ID) VALUES ('25', 'Sonic', '(457) 346-9130', 'nichoj@msn.com', 'Spellmont , Atlantic Avenue', 'Brave', 'Bahrain', '2', '4', '3');

-----------------------------------------------------------------  Food Table  -----------------------------------------------------------------

INSERT INTO "B00074902"."FOOD" (ID, FOOD_NAME, DESCRIPTION_TEXT, PRICE, MEAL_FOR_N_PEOPLE, QUANTITY_AVAILABLE, SPICE_LEVEL, DONOR_ID) VALUES ('1', 'Consomme printaniere', 'Dried Prunes,Water,Corn Syrup,Sugar,Pectin', '2396', '1', '58', 'No_Spice', '21');
INSERT INTO "B00074902"."FOOD" (ID, FOOD_NAME, DESCRIPTION_TEXT, PRICE, MEAL_FOR_N_PEOPLE, QUANTITY_AVAILABLE, SPICE_LEVEL, DONOR_ID) VALUES ('2', 'Chicken gumbo', 'Dried Prunes,Water,Corn Syrup,Sugar,Pectin', '1887', '1', '57', 'Hot', '21');
INSERT INTO "B00074902"."FOOD" (ID, FOOD_NAME, DESCRIPTION_TEXT, PRICE, MEAL_FOR_N_PEOPLE, QUANTITY_AVAILABLE, SPICE_LEVEL, DONOR_ID) VALUES ('3', 'Tomato aux croutons', 'Salt,Sugar,Molasses (Refinery Syrup, Molas', '4872', '2', '43', 'Medium_Spice', '21');
INSERT INTO "B00074902"."FOOD" (ID, FOOD_NAME, DESCRIPTION_TEXT, PRICE, MEAL_FOR_N_PEOPLE, QUANTITY_AVAILABLE, SPICE_LEVEL, DONOR_ID) VALUES ('4', 'Onion au gratin', 'Salt, Yellow 5 Lake, Tricalcium Phosphate ', '2435', '4', '32', 'Mild_Spice', '21');
INSERT INTO "B00074902"."FOOD" (ID, FOOD_NAME, DESCRIPTION_TEXT, PRICE, MEAL_FOR_N_PEOPLE, QUANTITY_AVAILABLE, SPICE_LEVEL, DONOR_ID) VALUES ('5', 'St. Emilion', 'Mechanically hulled seasame seeds.Allergy ', '6546', '1', '71', 'No_Spice', '21');
INSERT INTO "B00074902"."FOOD" (ID, FOOD_NAME, DESCRIPTION_TEXT, PRICE, MEAL_FOR_N_PEOPLE, QUANTITY_AVAILABLE, SPICE_LEVEL, DONOR_ID) VALUES ('6', 'Radishes', 'FALSE', '5031', '2', '39', 'Mild_Spice', '22');
INSERT INTO "B00074902"."FOOD" (ID, FOOD_NAME, DESCRIPTION_TEXT, PRICE, MEAL_FOR_N_PEOPLE, QUANTITY_AVAILABLE, SPICE_LEVEL, DONOR_ID) VALUES ('7', 'Chicken soup with ri', 'Red Raspberries,Sugar,Glucose Syrup,Citric', '3622', '3', '42', 'Medium_Spice', '22');
INSERT INTO "B00074902"."FOOD" (ID, FOOD_NAME, DESCRIPTION_TEXT, PRICE, MEAL_FOR_N_PEOPLE, QUANTITY_AVAILABLE, SPICE_LEVEL, DONOR_ID) VALUES ('8', 'Clam broth (cup)', 'Noodles: wheat flour,water,wheat gluten,mo', '1926', '4', '68', 'Mild_Spice', '22');
INSERT INTO "B00074902"."FOOD" (ID, FOOD_NAME, DESCRIPTION_TEXT, PRICE, MEAL_FOR_N_PEOPLE, QUANTITY_AVAILABLE, SPICE_LEVEL, DONOR_ID) VALUES ('9', 'Cream of new asparag', 'Wheat Flour,Soybean Oil,Salt,Dehydrated Ga', '9786', '2', '53', 'Medium_Spice', '22');
INSERT INTO "B00074902"."FOOD" (ID, FOOD_NAME, DESCRIPTION_TEXT, PRICE, MEAL_FOR_N_PEOPLE, QUANTITY_AVAILABLE, SPICE_LEVEL, DONOR_ID) VALUES ('10', 'Clear green turtle', 'Rolled Oats,Brown Rice Syrup,Evaporated Ca', '4968', '2', '54', 'Hot', '22');
INSERT INTO "B00074902"."FOOD" (ID, FOOD_NAME, DESCRIPTION_TEXT, PRICE, MEAL_FOR_N_PEOPLE, QUANTITY_AVAILABLE, SPICE_LEVEL, DONOR_ID) VALUES ('11', 'Striped bass saute, ', 'Skim Milk,Sugar,Corn Syrup,Canola Oil,High', '898', '2', '58', 'Mild_Spice', '23');
INSERT INTO "B00074902"."FOOD" (ID, FOOD_NAME, DESCRIPTION_TEXT, PRICE, MEAL_FOR_N_PEOPLE, QUANTITY_AVAILABLE, SPICE_LEVEL, DONOR_ID) VALUES ('12', 'Anchovies', 'Filtered Water,Whole Organic Soybeans,Orga', '96.49', '1', '58', 'Medium_Spice', '23');
INSERT INTO "B00074902"."FOOD" (ID, FOOD_NAME, DESCRIPTION_TEXT, PRICE, MEAL_FOR_N_PEOPLE, QUANTITY_AVAILABLE, SPICE_LEVEL, DONOR_ID) VALUES ('13', 'Fresh lobsters in ev', 'Filtered Water,Whole Organic Soybeans,Orga', '8315', '2', '36', 'Hot', '23');
INSERT INTO "B00074902"."FOOD" (ID, FOOD_NAME, DESCRIPTION_TEXT, PRICE, MEAL_FOR_N_PEOPLE, QUANTITY_AVAILABLE, SPICE_LEVEL, DONOR_ID) VALUES ('14', 'Celery', 'Almondmilk (Filtered Water, Almonds),Evapo', '5043', '3', '71', 'Medium_Spice', '23');
INSERT INTO "B00074902"."FOOD" (ID, FOOD_NAME, DESCRIPTION_TEXT, PRICE, MEAL_FOR_N_PEOPLE, QUANTITY_AVAILABLE, SPICE_LEVEL, DONOR_ID) VALUES ('15', 'Pim-olas', 'Enriched Flour (Wheat Flour, Malted Barley', '3324', '4', '45', 'Hot', '23');
INSERT INTO "B00074902"."FOOD" (ID, FOOD_NAME, DESCRIPTION_TEXT, PRICE, MEAL_FOR_N_PEOPLE, QUANTITY_AVAILABLE, SPICE_LEVEL, DONOR_ID) VALUES ('16', 'Caviar', 'Anise Seed Used mainly to add flavor to co', '956', '4', '64', 'Mild_Spice', '24');
INSERT INTO "B00074902"."FOOD" (ID, FOOD_NAME, DESCRIPTION_TEXT, PRICE, MEAL_FOR_N_PEOPLE, QUANTITY_AVAILABLE, SPICE_LEVEL, DONOR_ID) VALUES ('17', 'Sardines', 'Garlic Powder. 1/4 teaspoon garlic powder ', '836', '3', '30', 'No_Spice', '24');
INSERT INTO "B00074902"."FOOD" (ID, FOOD_NAME, DESCRIPTION_TEXT, PRICE, MEAL_FOR_N_PEOPLE, QUANTITY_AVAILABLE, SPICE_LEVEL, DONOR_ID) VALUES ('18', 'India chutney', 'Sugar,Corn Syrup,Gelatin,Citric Acid,Lacti', '3032', '3', '74', 'Medium_Spice', '24');
INSERT INTO "B00074902"."FOOD" (ID, FOOD_NAME, DESCRIPTION_TEXT, PRICE, MEAL_FOR_N_PEOPLE, QUANTITY_AVAILABLE, SPICE_LEVEL, DONOR_ID) VALUES ('19', 'Pickles', 'CORN,PARTIALLY HYDROGENATED SOYBEAN AND/OR', '1907', '1', '66', 'No_Spice', '24');
INSERT INTO "B00074902"."FOOD" (ID, FOOD_NAME, DESCRIPTION_TEXT, PRICE, MEAL_FOR_N_PEOPLE, QUANTITY_AVAILABLE, SPICE_LEVEL, DONOR_ID) VALUES ('20', 'English walnuts', 'Pistachios,Almonds,Cashews,Peanut and/or C', '3894', '2', '46', 'Mild_Spice', '24');
INSERT INTO "B00074902"."FOOD" (ID, FOOD_NAME, DESCRIPTION_TEXT, PRICE, MEAL_FOR_N_PEOPLE, QUANTITY_AVAILABLE, SPICE_LEVEL, DONOR_ID) VALUES ('21', 'Pate de foies-gras', 'Cooked Enriched Pasta (Water, Elbow Macaro', '9977', '2', '44', 'Medium_Spice', '25');
INSERT INTO "B00074902"."FOOD" (ID, FOOD_NAME, DESCRIPTION_TEXT, PRICE, MEAL_FOR_N_PEOPLE, QUANTITY_AVAILABLE, SPICE_LEVEL, DONOR_ID) VALUES ('22', 'Pomard', 'Cumin Ground', '5991', '4', '73', 'Hot', '25');
INSERT INTO "B00074902"."FOOD" (ID, FOOD_NAME, DESCRIPTION_TEXT, PRICE, MEAL_FOR_N_PEOPLE, QUANTITY_AVAILABLE, SPICE_LEVEL, DONOR_ID) VALUES ('23', 'Brook trout, mountai', 'Rolled Oats*,Cane Sugar*,Soy Oil*,Dried Co', '3574', '4', '66', 'Mild_Spice', '25');
INSERT INTO "B00074902"."FOOD" (ID, FOOD_NAME, DESCRIPTION_TEXT, PRICE, MEAL_FOR_N_PEOPLE, QUANTITY_AVAILABLE, SPICE_LEVEL, DONOR_ID) VALUES ('24', 'Whitebait, sauce tar', 'Garlic Powder', '629', '4', '64', 'Hot', '25');
INSERT INTO "B00074902"."FOOD" (ID, FOOD_NAME, DESCRIPTION_TEXT, PRICE, MEAL_FOR_N_PEOPLE, QUANTITY_AVAILABLE, SPICE_LEVEL, DONOR_ID) VALUES ('25', 'Clams', 'Sugar,Brown Sugar,Natural Flavor,Caramel C', '1835', '2', '39', 'No_Spice', '25');

----------------------------------------------------------------- Map Food MealType  -----------------------------------------------------------------

INSERT INTO "B00074902"."MAP_FOOD_MEAL_TYPE" (FOOD_ID, MEAL_TYPE_ID) VALUES ('1', 'Vegetarian');
INSERT INTO "B00074902"."MAP_FOOD_MEAL_TYPE" (FOOD_ID, MEAL_TYPE_ID) VALUES ('2', 'Chicken');
INSERT INTO "B00074902"."MAP_FOOD_MEAL_TYPE" (FOOD_ID, MEAL_TYPE_ID) VALUES ('3', 'Vegetarian');
INSERT INTO "B00074902"."MAP_FOOD_MEAL_TYPE" (FOOD_ID, MEAL_TYPE_ID) VALUES ('4', 'Chicken');
INSERT INTO "B00074902"."MAP_FOOD_MEAL_TYPE" (FOOD_ID, MEAL_TYPE_ID) VALUES ('5', 'Vegetarian');
INSERT INTO "B00074902"."MAP_FOOD_MEAL_TYPE" (FOOD_ID, MEAL_TYPE_ID) VALUES ('6', 'RedMeat');
INSERT INTO "B00074902"."MAP_FOOD_MEAL_TYPE" (FOOD_ID, MEAL_TYPE_ID) VALUES ('7', 'RedMeat');
INSERT INTO "B00074902"."MAP_FOOD_MEAL_TYPE" (FOOD_ID, MEAL_TYPE_ID) VALUES ('8', 'Vegetarian');
INSERT INTO "B00074902"."MAP_FOOD_MEAL_TYPE" (FOOD_ID, MEAL_TYPE_ID) VALUES ('9', 'Vegetarian');
INSERT INTO "B00074902"."MAP_FOOD_MEAL_TYPE" (FOOD_ID, MEAL_TYPE_ID) VALUES ('10', 'Seafood');
INSERT INTO "B00074902"."MAP_FOOD_MEAL_TYPE" (FOOD_ID, MEAL_TYPE_ID) VALUES ('11', 'RedMeat');
INSERT INTO "B00074902"."MAP_FOOD_MEAL_TYPE" (FOOD_ID, MEAL_TYPE_ID) VALUES ('12', 'Chicken');
INSERT INTO "B00074902"."MAP_FOOD_MEAL_TYPE" (FOOD_ID, MEAL_TYPE_ID) VALUES ('13', 'RedMeat');
INSERT INTO "B00074902"."MAP_FOOD_MEAL_TYPE" (FOOD_ID, MEAL_TYPE_ID) VALUES ('14', 'Vegan');
INSERT INTO "B00074902"."MAP_FOOD_MEAL_TYPE" (FOOD_ID, MEAL_TYPE_ID) VALUES ('15', 'Vegan');
INSERT INTO "B00074902"."MAP_FOOD_MEAL_TYPE" (FOOD_ID, MEAL_TYPE_ID) VALUES ('16', 'RedMeat');
INSERT INTO "B00074902"."MAP_FOOD_MEAL_TYPE" (FOOD_ID, MEAL_TYPE_ID) VALUES ('17', 'Seafood');
INSERT INTO "B00074902"."MAP_FOOD_MEAL_TYPE" (FOOD_ID, MEAL_TYPE_ID) VALUES ('18', 'Vegan');
INSERT INTO "B00074902"."MAP_FOOD_MEAL_TYPE" (FOOD_ID, MEAL_TYPE_ID) VALUES ('19', 'Chicken');
INSERT INTO "B00074902"."MAP_FOOD_MEAL_TYPE" (FOOD_ID, MEAL_TYPE_ID) VALUES ('20', 'Seafood');
INSERT INTO "B00074902"."MAP_FOOD_MEAL_TYPE" (FOOD_ID, MEAL_TYPE_ID) VALUES ('21', 'Chicken');
INSERT INTO "B00074902"."MAP_FOOD_MEAL_TYPE" (FOOD_ID, MEAL_TYPE_ID) VALUES ('22', 'Vegan');
INSERT INTO "B00074902"."MAP_FOOD_MEAL_TYPE" (FOOD_ID, MEAL_TYPE_ID) VALUES ('23', 'Seafood');
INSERT INTO "B00074902"."MAP_FOOD_MEAL_TYPE" (FOOD_ID, MEAL_TYPE_ID) VALUES ('24', 'Vegan');
INSERT INTO "B00074902"."MAP_FOOD_MEAL_TYPE" (FOOD_ID, MEAL_TYPE_ID) VALUES ('25', 'Chicken');

-----------------------------------------------------------------  Map Food Cuisine  -----------------------------------------------------------------

INSERT INTO "B00074902"."MAP_FOOD_CUISINE" (FOOD_ID, CUISINE_ID) VALUES ('1', 'Indian');
INSERT INTO "B00074902"."MAP_FOOD_CUISINE" (FOOD_ID, CUISINE_ID) VALUES ('2', 'Indian');
INSERT INTO "B00074902"."MAP_FOOD_CUISINE" (FOOD_ID, CUISINE_ID) VALUES ('3', 'Mexican');
INSERT INTO "B00074902"."MAP_FOOD_CUISINE" (FOOD_ID, CUISINE_ID) VALUES ('4', 'Italian');
INSERT INTO "B00074902"."MAP_FOOD_CUISINE" (FOOD_ID, CUISINE_ID) VALUES ('5', 'Japanese');
INSERT INTO "B00074902"."MAP_FOOD_CUISINE" (FOOD_ID, CUISINE_ID) VALUES ('6', 'Indian');
INSERT INTO "B00074902"."MAP_FOOD_CUISINE" (FOOD_ID, CUISINE_ID) VALUES ('7', 'Indonasian');
INSERT INTO "B00074902"."MAP_FOOD_CUISINE" (FOOD_ID, CUISINE_ID) VALUES ('8', 'Indian');
INSERT INTO "B00074902"."MAP_FOOD_CUISINE" (FOOD_ID, CUISINE_ID) VALUES ('9', 'Chinese');
INSERT INTO "B00074902"."MAP_FOOD_CUISINE" (FOOD_ID, CUISINE_ID) VALUES ('10', 'Chinese');
INSERT INTO "B00074902"."MAP_FOOD_CUISINE" (FOOD_ID, CUISINE_ID) VALUES ('11', 'Mexican');
INSERT INTO "B00074902"."MAP_FOOD_CUISINE" (FOOD_ID, CUISINE_ID) VALUES ('12', 'Chinese');
INSERT INTO "B00074902"."MAP_FOOD_CUISINE" (FOOD_ID, CUISINE_ID) VALUES ('13', 'Japanese');
INSERT INTO "B00074902"."MAP_FOOD_CUISINE" (FOOD_ID, CUISINE_ID) VALUES ('14', 'Arab');
INSERT INTO "B00074902"."MAP_FOOD_CUISINE" (FOOD_ID, CUISINE_ID) VALUES ('15', 'Thai');
INSERT INTO "B00074902"."MAP_FOOD_CUISINE" (FOOD_ID, CUISINE_ID) VALUES ('16', 'Hawaain');
INSERT INTO "B00074902"."MAP_FOOD_CUISINE" (FOOD_ID, CUISINE_ID) VALUES ('17', 'Italian');
INSERT INTO "B00074902"."MAP_FOOD_CUISINE" (FOOD_ID, CUISINE_ID) VALUES ('18', 'Indian');
INSERT INTO "B00074902"."MAP_FOOD_CUISINE" (FOOD_ID, CUISINE_ID) VALUES ('19', 'French');
INSERT INTO "B00074902"."MAP_FOOD_CUISINE" (FOOD_ID, CUISINE_ID) VALUES ('20', 'Italian');
INSERT INTO "B00074902"."MAP_FOOD_CUISINE" (FOOD_ID, CUISINE_ID) VALUES ('21', 'Indonasian');
INSERT INTO "B00074902"."MAP_FOOD_CUISINE" (FOOD_ID, CUISINE_ID) VALUES ('22', 'Hawaain');
INSERT INTO "B00074902"."MAP_FOOD_CUISINE" (FOOD_ID, CUISINE_ID) VALUES ('23', 'Hawaain');
INSERT INTO "B00074902"."MAP_FOOD_CUISINE" (FOOD_ID, CUISINE_ID) VALUES ('24', 'Chinese');
INSERT INTO "B00074902"."MAP_FOOD_CUISINE" (FOOD_ID, CUISINE_ID) VALUES ('25', 'Indian');

------------------------------------------------------------------  Map Food Allergen  -----------------------------------------------------------------  

INSERT INTO "B00074902"."MAP_FOOD_ALLERGEN" (FOOD_ID, ALLERGEN_ID) VALUES ('1', 'SeaFood');
INSERT INTO "B00074902"."MAP_FOOD_ALLERGEN" (FOOD_ID, ALLERGEN_ID) VALUES ('1', 'Glutten');
INSERT INTO "B00074902"."MAP_FOOD_ALLERGEN" (FOOD_ID, ALLERGEN_ID) VALUES ('2', 'Soybeans');
INSERT INTO "B00074902"."MAP_FOOD_ALLERGEN" (FOOD_ID, ALLERGEN_ID) VALUES ('3', 'Dairy');
INSERT INTO "B00074902"."MAP_FOOD_ALLERGEN" (FOOD_ID, ALLERGEN_ID) VALUES ('3', 'Nuts');
INSERT INTO "B00074902"."MAP_FOOD_ALLERGEN" (FOOD_ID, ALLERGEN_ID) VALUES ('3', 'SeaFood');
INSERT INTO "B00074902"."MAP_FOOD_ALLERGEN" (FOOD_ID, ALLERGEN_ID) VALUES ('4', 'Soybeans');
INSERT INTO "B00074902"."MAP_FOOD_ALLERGEN" (FOOD_ID, ALLERGEN_ID) VALUES ('6', 'Glutten');
INSERT INTO "B00074902"."MAP_FOOD_ALLERGEN" (FOOD_ID, ALLERGEN_ID) VALUES ('8', 'SeaFood');
INSERT INTO "B00074902"."MAP_FOOD_ALLERGEN" (FOOD_ID, ALLERGEN_ID) VALUES ('8', 'Glutten');
INSERT INTO "B00074902"."MAP_FOOD_ALLERGEN" (FOOD_ID, ALLERGEN_ID) VALUES ('9', 'Soybeans');
INSERT INTO "B00074902"."MAP_FOOD_ALLERGEN" (FOOD_ID, ALLERGEN_ID) VALUES ('10', 'Soybeans');
INSERT INTO "B00074902"."MAP_FOOD_ALLERGEN" (FOOD_ID, ALLERGEN_ID) VALUES ('12', 'Dairy');
INSERT INTO "B00074902"."MAP_FOOD_ALLERGEN" (FOOD_ID, ALLERGEN_ID) VALUES ('13', 'Dairy');
INSERT INTO "B00074902"."MAP_FOOD_ALLERGEN" (FOOD_ID, ALLERGEN_ID) VALUES ('14', 'SeaFood');
INSERT INTO "B00074902"."MAP_FOOD_ALLERGEN" (FOOD_ID, ALLERGEN_ID) VALUES ('15', 'Wheat');
INSERT INTO "B00074902"."MAP_FOOD_ALLERGEN" (FOOD_ID, ALLERGEN_ID) VALUES ('16', 'Nuts');

---------------------------------------------------------------------------------------------------------------------------------------------
-----------------------------------------------------------------  Request  -----------------------------------------------------------------
INSERT INTO "B00074902"."REQUEST" (ID, DONOR_ID, DONEE_ID, FINAL_PRICE, DISCOUNT_APPLIED, REQUEST_TIME, IS_ACTIVE, IS_RATED) VALUES ('1', '21', '1', '173.28', '155', TO_TIMESTAMP('2020-03-09 17:41:32.038000000', 'YYYY-MM-DD HH24:MI:SS.FF'), 'Y', 'N');
INSERT INTO "B00074902"."REQUEST" (ID, DONOR_ID, DONEE_ID, FINAL_PRICE, DISCOUNT_APPLIED, REQUEST_TIME, IS_ACTIVE, IS_RATED) VALUES ('2', '21', '3', '170.46', '531', TO_TIMESTAMP('2020-03-09 17:41:32.038000000', 'YYYY-MM-DD HH24:MI:SS.FF'), 'N', 'Y');
INSERT INTO "B00074902"."REQUEST" (ID, DONOR_ID, DONEE_ID, FINAL_PRICE, DISCOUNT_APPLIED, REQUEST_TIME, IS_ACTIVE, IS_RATED) VALUES ('3', '22', '5', '158.14', '98', TO_TIMESTAMP('2020-03-09 17:41:32.038000000', 'YYYY-MM-DD HH24:MI:SS.FF'), 'N', 'N');

----------------------------------------------------------------Sub Request------------------------------------------------------------------
INSERT INTO "B00074902"."SUB_REQUEST" (ID, REQUEST_ID, FOOD_ID, QUANTITY, PRICE_AT_PURCHASE) VALUES ('1', '1', '3', '2', '15');
INSERT INTO "B00074902"."SUB_REQUEST" (ID, REQUEST_ID, FOOD_ID, QUANTITY, PRICE_AT_PURCHASE) VALUES ('2', '1', '19', '3', '49');
INSERT INTO "B00074902"."SUB_REQUEST" (ID, REQUEST_ID, FOOD_ID, QUANTITY, PRICE_AT_PURCHASE) VALUES ('3', '2', '7', '4', '19');
INSERT INTO "B00074902"."SUB_REQUEST" (ID, REQUEST_ID, FOOD_ID, QUANTITY, PRICE_AT_PURCHASE) VALUES ('4', '2', '20', '10', '36');
INSERT INTO "B00074902"."SUB_REQUEST" (ID, REQUEST_ID, FOOD_ID, QUANTITY, PRICE_AT_PURCHASE) VALUES ('5', '2', '12', '15', '39');
INSERT INTO "B00074902"."SUB_REQUEST" (ID, REQUEST_ID, FOOD_ID, QUANTITY, PRICE_AT_PURCHASE) VALUES ('6', '3', '9', '25', '98');